標的名稱,代碼,幣別,類型,成立日期,風險收益等級,配息頻率,淨值日期,淨值,三個月(%),六個月(%),一年(%),三年(%),成立以來(%),年化標準差,年化Sharpe,年化Beta,規模日期,基金規模,嘉實基金評等,備註
凱基雲端趨勢基金(美元),ACKG40-TF11,美元,跨國投資股票型全球市場,2018/01/02,RR4,無,2026/07/30,78.6002,-0.46,23.3,45.89,115.41,309.01,46.02,0.29,2.16,2026/06/30,0.4069億,4,
凱基臺灣多元收益多重資產基金-新臺幣A,ACKG59-TF14,台幣,多重資產型,2019/08/05,RR3,無,2026/07/30,16.52,2.86,14.48,28.96,42.91,65.2,11.43,0.63,0.3,2026/06/30,4.1113億,4,
凱基收益成長多重資產基金-新臺幣A(累積)(本基金有相當比重投資於非投資等級之高風險債券且配息來源可能為本金),ACKG60-TF15,台幣,多重資產型,2019/09/25,RR3,無,2026/07/30,15.6433,2.47,3.47,14.07,41.52,56.44,10.5,0.34,0.6,2026/06/30,8.336億,3,
凱基收益成長多重資產基金-美元A(累積)(本基金有相當比重投資於非投資等級之高風險債券且配息來源可能為本金),ACKG64-TF16,美元,多重資產型,2019/09/25,RR3,無,2026/07/30,17.0587,1.22,2.19,9.87,47,70.6,11.96,0.21,0.71,2026/06/30,5.189億,3,
普徠仕（盧森堡）系列基金－普徠仕全球焦點成長股票基金A級別(美元),MAR23-TF17,美元,股票型,2003/03/28,RR4,無,2026/07/30,109.83,0.62,5.38,21.59,62.74,998.3,25.78,0.24,1.43,2026/05/31,"5,027.00百萬",4,
普徠仕（盧森堡）系列基金－普徠仕新興市場股票基金A級別(美元),MAR15-TF18,美元,股票型,2004/10/26,RR5,無,2026/07/30,38.2,1.06,7.58,38.41,38.51,282,28.32,0.36,1.38,2026/05/31,146.00百萬,3,
普徠仕（盧森堡）系列基金－普徠仕全球成長股票基金A級別(美元),MAR18-TF19,美元,股票型,2008/10/27,RR4,無,2026/07/30,82.22,2.04,2.54,11.76,47.29,722.2,19.44,0.17,1.12,2026/05/31,445.00百萬,3,
凱基新興市場中小基金(美元),ACKG39-TF1Y,美元,跨國投資股票型區域型,2018/01/02,RR5,無,2026/07/30,34.9019,-18.31,3.55,43.51,89.19,88.23,44.67,0.29,1.83,2026/06/30,0.6328億,4,
凱基雲端趨勢基金(台幣),ACKG22-TF1Z,台幣,跨國投資股票型全球市場,2012/09/13,RR4,無,2026/07/30,85.47,2.08,27.17,59.31,122.69,754.7,42.7,0.37,1.96,2026/06/30,10.251億,4.5,
普徠仕（盧森堡）系列基金－普徠仕歐洲股票基金 A 級別(歐元),MAR20-TF2A,歐元,股票型,2007/05/02,RR4,無,2026/07/30,22.69,8.56,6.78,11.44,25.85,126.9,13.92,0.22,0.8,2026/05/31,15.00百萬,1.5,
合庫AI電動車及車聯網創新基金(美元),ACCB47-TF2B,美元,跨國投資股票型全球市場,2019/03/19,RR4,無,2026/07/29,24.83,-3.01,9.29,28.12,71.6,148.3,37.07,0.23,1.17,2026/06/30,2.9784億,4,
元大台灣高股息優質龍頭基金(A級別/不配息級別)(本基金之配息來源可能為收益平準金且並無保證收益及配息),ACYT161-TF2E,台幣,國內股票開放型一般股票型,2020/03/23,RR4,無,2026/07/30,43.06,10.92,49.15,125.56,178.53,330.6,43.47,0.6,1.25,2026/06/30,554.5207億,4.5,
摩根太平洋科技基金,JFZ57-TF2H,美元,資訊科技股,1997/08/15,RR5,無,2026/07/30,158.25,5.34,16.85,56.89,93.39,N/A,46.91,0.34,1.08,2026/05/31,"1,368.00百萬",4.5,
摩根基金 - 全球成長基金 - JPM全球成長(美元) - A股(累計),JFZG7-TF2L,美元,股票型,2005/03/31,RR4,無,2026/07/30,37.42,1.27,0.7,6.22,56.44,274.2,19.57,0.1,1.12,2026/05/31,510.00百萬,2.5,
安聯台灣大壩基金-A類型-新臺幣,ACDD01-TF2O,台幣,國內股票開放型一般股票型,2000/04/10,RR4,無,2026/07/30,246.18,-19.35,28.51,136.35,214.93,2361.8,50.44,0.57,1.2,2026/06/30,928.0451億,4.5,
安聯AI人工智慧基金-AT累積類股(美元),TLH43-TF2R,美元,資訊科技股,2017/03/31,RR4,無,2026/07/30,37.4181,-3.42,6.43,20.72,56.63,274.18,29.79,0.21,0.77,2026/06/30,"9,094.00百萬",3,
安聯主題趨勢基金-AT累積類股(美元),TLZF7-TF2S,美元,股票型,2019/01/25,RR4,無,2026/07/30,190.19,-1.55,-2.43,6.51,17.02,90.19,18.09,0.11,1.01,2026/06/30,"2,573.00百萬",1.5,
安聯綠色債券基金-AT累積類股(美元避險),TLZE7-TF2V,美元,債券型,2018/11/02,RR2,無,2026/07/30,10.6379,0.61,-0.47,1.36,13.1,6.38,4.1,0.01,1.02,2026/06/30,403.00百萬,3,
凱基開創基金,ACKG01-TF35,台幣,國內股票開放型一般股票型,2001/10/08,RR4,無,2026/07/30,161.82,-18.68,31.33,116.05,141.78,1518.2,50.06,0.52,1.23,2026/06/30,14.355億,3.5,
施羅德環球基金系列－環球永續增長(美元)A-累積,PYZY8-TF36,美元,股票型,2010/11/23,RR3,無,2026/07/30,476.535,5.45,5.52,15.05,41.53,376.54,18.87,0.22,1.05,2026/06/30,"3,968.00百萬",2.5,ESG基金
富蘭克林坦伯頓全球投資系列-美元短期票券基金美元A (acc)股,FLZB0-TF37,美元,貨幣型,2001/05/14,RR1,無,2026/07/30,14.32,0.92,1.78,3.84,14.19,N/A,0.13,8.15,N/A,2026/05/29,"2,413.00百萬",3,
凱基凱旋貨幣市場基金,ACKG03-TF39,台幣,國內貨幣市場型,2002/06/25,RR1,無,2026/07/30,12.3459,0.38,0.74,1.48,4.31,23.42,0.03,2.73,-0.0003,2026/06/30,28.9977億,2.5,
富邦貨幣市場基金(原名:日盛貨幣市場基金),ACJS02-TF3A,台幣,國內貨幣市場型,1997/10/03,RR1,無,2026/07/30,15.8491,0.39,0.77,1.54,4.45,58.49,0.02,3.77,-0.0002,2026/06/30,664.2884億,4,
安聯台灣科技基金,ACDD04-TF3E,台幣,國內股票開放型科技類,2001/04/03,RR5,無,2026/07/30,597.91,-12.61,32.57,160.65,273.16,5879.1,49.95,0.64,1.03,2026/06/30,3026.4302億,5,
柏瑞環球基金-柏瑞環球重點股票基金A,AIZ34-TF3F,美元,股票型,2003/12/09,RR3,無,2026/07/30,61.228,-2.94,-3.19,4.1,44.12,389.82,17.83,0.07,1.04,2026/06/30,"2,427.00百萬",2,
施羅德環球基金系列－環球創新股票(美元)A-累積,PYZA06-TF3G,美元,股票型,2018/12/12,RR4,無,2026/07/30,288.5305,1.01,5.96,11.74,56.64,188.53,23.6,0.15,0.54,2026/06/30,710.00百萬,3,
施羅德環球基金系列－環球氣候變化策略(美元)A-累積,PYZZ9-TF3H,美元,環境生態,2007/06/29,RR4,無,2026/07/30,30.9701,-3.65,1.99,16.52,31.72,209.7,18.13,0.25,0.14,2026/06/30,"2,305.00百萬",4,ESG基金
凱基環球趨勢基金-新臺幣A(累積),ACKG138-TF3I,台幣,跨國投資股票型全球市場,2021/05/03,RR3,無,2026/07/30,14.6,1.11,9.77,26.19,51.93,46,26.74,0.27,1.35,2026/06/30,3.0331億,2.5,
凱基實質收息多重資產基金-新臺幣A(累積)(本基金之配息來源可能為本金),ACKG188-TF3J,台幣,多重資產型,2023/07/24,RR4,無,2026/07/30,12.5909,-1.23,5.8,13.97,26.48,25.91,10.87,0.33,0.38,2026/06/30,1.5654億,3,
凱基未來世代關鍵收息多重資產基金-新臺幣A(累積)(本基金之配息來源可能為本金),ACKG122-TF3K,台幣,多重資產型,2021/03/02,RR4,無,2026/07/30,16.14,4.47,15.87,24.73,51.55,61.4,23.16,0.29,1.57,2026/06/30,2.5284億,3.5,
統一黑馬基金,ACPS02-TF3L,台幣,國內股票開放型一般股票型,1994/11/01,RR4,無,2026/07/30,498.06,-21.61,28.4,108.68,144.51,6566,50.61,0.49,1.2,2026/06/30,428.7438億,3,
統一奔騰基金,ACPS10-TF3M,台幣,國內股票開放型科技類,1998/08/11,RR5,無,2026/07/30,591.63,-20.05,37.38,112.75,191.57,5816.3,51.53,0.5,0.86,2026/06/30,741.0137億,3.5,
安聯全球綠能趨勢基金-A類型-新臺幣,ACDD15-TF3Q,台幣,跨國投資股票型全球市場,2006/10/11,RR4,無,2026/07/29,15.47,0.19,4.81,30.99,33.36,54.7,19.1,0.42,1.01,2026/06/30,65.7105億,3.5,
安聯全球礦金資源基金-AT累積類股(美元),TLZN1-TF3R,美元,股票型,2022/09/01,RR4,無,2026/07/30,19.2293,-8.17,-15.25,48.93,58.98,92.29,38.53,0.35,1.45,2026/06/30,"1,432.00百萬",4.5,
統一台灣動力基金-A類型,ACPS23-TF3S,台幣,國內股票開放型一般股票型,2007/09/13,RR4,無,2026/07/30,147.04,-23.79,24.18,102.45,162.99,1370.4,50.93,0.47,1.14,2026/06/30,109.3152億,3,
野村台灣運籌基金,ACKH03-TF3T,台幣,國內股票開放型一般股票型,1987/04/29,RR4,,2026/07/30,351.37,-20.01,34.01,148.35,222.12,3774.18,51.63,0.59,1.19,2026/06/30,128.3518億,5,
野村高科技基金,ACKH19-TF3W,台幣,國內股票開放型科技類,2000/01/31,RR5,無,2026/07/30,88.4,-27.15,7.63,104.3,155.94,784,53.3,0.46,1.06,2026/06/30,240.5319億,3,
富達基金－美元現金基金(A股累計美元),FTZI1-TF3X,美元,貨幣型,2006/09/25,RR1,無,2026/07/30,13.5028,0.9,1.76,3.83,14.44,35.03,0.1,10.46,N/A,2026/05/31,"2,973.00百萬",3.5,
凱基未來樂活多重資產基金-新臺幣A(累積)(本基金有相當比重投資於非投資等級之高風險債券),ACKG172-TF3Y,台幣,多重資產型,2022/10/06,RR3,無,2026/07/30,15.486,2.37,5.81,17.74,49.98,54.87,17.32,0.28,1.18,2026/06/30,6.1208億,3.5,
統一強棒貨幣市場基金,ACPS04-TF40,台幣,國內貨幣市場型,1995/06/16,RR1,無,2026/07/30,17.818,0.38,0.76,1.53,4.45,78.18,0.02,3.55,-0.0002,2026/06/30,1067.2914億,3.5,
安聯台灣智慧基金,ACDD19-TF42,台幣,國內股票開放型一般股票型,2008/04/24,RR4,無,2026/07/30,324.63,-13.97,23.64,133.21,211.72,3146.3,50.78,0.56,1.29,2026/06/30,754.9835億,4.5,
富蘭克林坦伯頓全球投資系列-全球基金美元A(acc)股,FLZA7-TF43,美元,股票型,2001/05/14,RR3,無,2026/07/30,52.22,-1.49,-2.9,4.94,19.12,167.66,16.44,0.09,0.95,2026/05/29,584.00百萬,1.5,
瀚亞投資-日本動力股票基金Aj (日圓),IOFA5-TF44,日圓,股票型,2014/11/04,RR4,無,2026/07/30,4305,16.23,24.57,59.44,95.86,330.5,19.1,0.73,0.44,2026/05/31,"479,411.00百萬",4.5,
瀚亞高科技基金,ACCP03-TF45,台幣,國內股票開放型科技類,1994/11/14,RR5,無,2026/07/30,511.37,-8.48,42.23,105.44,206.82,5013.7,46.82,0.51,1.01,2026/06/30,123.6848億,3.5,
凱基未來樂活多重資產基金-美元A(累積)(本基金有相當比重投資於非投資等級之高風險債券),ACKG176-TF46,美元,多重資產型,2022/10/06,RR3,無,2026/07/30,16.5325,1.35,4.9,15.11,55.21,65.33,18.85,0.22,1.27,2026/06/30,0.5693億,3.5,
富蘭克林華美多重資產收益基金分配美元(本基金有相當比重投資於非投資等級之高風險債券且基金之配息來源可能為本金),ACFT50-TF63,美元,多重資產型,2016/05/18,RR3,月配,2026/07/30,8.52,-1.73,9.52,18.05,51.84,72.11,23.53,0.22,1.16,2026/06/30,11.3172億,3.5,
安聯AI收益成長多重資產基金-B類型(月配息)-美元(本基金有相當比重投資於非投資等級之高風險債券且配息來源可能為本金)_(月配/單位數_僅供一生傳富、招財進保、世紀贏家商品連結),ACDD154-TF64,美元,多重資產型,2024/08/28,RR3,月配,2026/07/29,12.35,1.46,9.41,21.82,N/A,40.9,21.4,0.28,1.39,2026/06/30,30.5749億,,僅供一生傳富/招財進保/世紀贏家商品連結
凱基未來樂活多重資產基金-新臺幣B(月配)(本基金有相當比重投資於非投資等級之高風險債券且配息來源可能為本金),ACKG173-TF65,台幣,多重資產型,2022/10/06,RR3,月配,2026/07/30,12.0791,2.38,5.82,17.74,49.98,54.86,17.32,0.28,1.18,2026/06/30,1.0189億,3.5,
凱基未來樂活多重資產基金-美元B(月配)(本基金有相當比重投資於非投資等級之高風險債券且配息來源可能為本金),ACKG177-TF66,美元,多重資產型,2022/10/06,RR3,月配,2026/07/30,12.6829,1.38,4.9,15.19,55.76,65.89,18.84,0.22,1.27,2026/06/30,0.8747億,3.5,
施羅德環球基金系列-環球收息債券(美元)A-穩定月配(本基金有相當比重投資於非投資等級之高風險債券且基金之配息來源可能為本金),PYZA63-TF67,美元,債券型,2024/09/18,RR2,月配,2026/07/30,90.1945,-0.5,-0.92,2.41,N/A,6.36,4,0.09,0.1,2026/06/30,"8,269.00百萬",,僅供一生傳富/招財進保/世紀贏家商品連結
安聯AI收益成長多重資產基金- HB類型(月配息)-新臺幣(避險)(本基金有相當比重投資於非投資等級之高風險債券且配息來源可能為本金),ACDD148-TF6A,台幣,多重資產型,2024/08/28,RR3,月配,2026/07/29,11.72,1.44,8.82,20.09,N/A,34.02,20.82,0.27,1.35,2026/06/30,24.4394億,,
安聯多元信用債券基金-AMg穩定月收總收益類股(美元)(本基金有相當比重投資於非投資等級之高風險債券且配息來源可能為本金),TLZD7-TF6B,美元,債券型,2018/08/01,RR3,月配,2026/07/30,8.4906,0.53,0.08,3.16,18.55,23.18,2.86,0.19,0.69,2026/06/30,747.00百萬,3.5,
野村全球科技多重資產基金-月配類型美元(本基金有相當比重投資於非投資等級之高風險債券且配息來源可能為本金),ACKH268-TF6C,美元,多重資產型,2024/07/10,RR3,月配,2026/07/29,12.3422,-4.76,13.77,34.07,N/A,41.31,30.93,0.31,1.56,2026/06/30,2.1282億,,
野村全天候環球債券基金-月配類型新臺幣計價(本基金有一定比重投資於非投資等級之高風險債券且配息來源可能為本金),ACKH290-TF6D,台幣,全球組合型債券型,2025/03/03,RR2,月配,2026/07/29,9.3284,0.95,-0.01,4.35,N/A,0.59,4.12,0.22,0.9,2026/06/30,2.4209億,,
M＆G北美股息基金A(美元月配)F(本基金配息來源可能為本金且並無保證收益及配息),MMG73-TF6E,美元,股票型,2024/03/06,RR4,月配,2026/07/30,110.5744,1.7,1.01,N/A,N/A,N/A,N/A,N/A,N/A,2026/05/31,404.00百萬,,
M＆G ESG巴黎協議全球永續股票基金A(美元年配)(本基金配息來源可能為本金),MMG25-TF6F,美元,股票型,2018/11/09,RR3,年配,2026/07/30,42.5671,5.92,3.61,9.79,32.67,106.89,16.74,0.16,0.89,2026/05/31,325.00百萬,2,ESG基金
富達基金－全球優質債券基金(A股C月配息美元)(本基金有相當比重投資於非投資等級之高風險債券且配息來源可能為本金),FTZX0-TF6G,美元,債券型,2020/04/22,RR2,月配,2026/07/30,8.086,0.87,0.26,4.05,22.04,26.7,4.08,0.2,0.98,2026/05/31,"4,578.00百萬",4.5,
富達基金－永續發展全球存股優勢基金(A股C月配息美元)(本基金之配息來源可能為本金且並無保證收益及配息),FTZA40-TF6H,美元,股票型,2021/11/10,RR3,月配,2026/07/30,10.57,5.17,4.82,14.95,52.36,53.35,16.41,0.25,0.31,2026/05/31,"2,903.00百萬",3.5,
富達基金－美元現金基金(A股【F1穩定月配息】美元)(本基金之配息來源可能為本金),FTZA75-TF6J,美元,貨幣型,2023/07/26,RR1,月配,2026/07/30,9.9285,0.9,1.76,3.83,14.41,14.44,0.1,10.46,0.0003,2026/05/31,"2,973.00百萬",3.5,
富蘭克林華美多重資產收益基金分配新台幣(本基金有相當比重投資於非投資等級之高風險債券且基金之配息來源可能為本金),ACFT48-TF6K,台幣,多重資產型,2016/05/18,RR3,月配,2026/07/30,8.43,0.87,12.91,28.9,57.2,70.44,20.46,0.37,0.96,2026/06/30,52.8561億,4,
景順環球股票收益基金A-穩定月配息股 美元(基金之配息來源可能為本金),CTZJ3-TF6M,美元,股票型,2014/12/10,RR3,月配,2026/07/30,14.93,6.97,10.02,16.17,61.49,170.44,18.07,0.25,0.99,2026/05/31,"1,080.00百萬",4,
景順亞洲資產配置基金A-月配息股 美元,CTZG0-TF6N,美元,平衡型,2013/06/19,RR4,月配,2026/07/30,8.68,-2.01,0.39,10.82,26.63,17.2,18.57,0.17,0.79,2026/05/31,151.00百萬,2.5,
景順亞洲資產配置基金A-穩定月配息股 美元(基金之配息來源可能為本金),CTZH1-TF6P,美元,平衡型,2013/08/21,RR4,月配,2026/07/30,5.67,-1.97,0.46,10.98,26.77,18.6,18.57,0.17,0.79,2026/05/31,151.00百萬,2.5,
景順亞洲動力基金 A-穩定月配息股 美元(基金之配息來源可能為本金),CTZQ5-TF6Q,美元,股票型,2023/06/28,RR5,月配,2026/07/30,13.97,4.71,4.55,26.67,50.49,56.81,21.12,0.34,0.86,2026/05/31,"3,900.00百萬",3,
摩根大美國領先收成多重資產基金 (月配息型) - 美元(本基金有相當比重投資於非投資等級之高風險債券且配息來源可能為本金或收益平準金),ACJF162-TF6R,美元,多重資產型,2024/08/27,RR3,月配,2026/07/30,9.89,2.48,6.08,8.56,N/A,14.38,9.75,0.22,0.68,2026/06/30,7.2428億,,
聯博-美國成長基金AP(總報酬月配)級別美元(基金之配息來源可能為本金)_(月配/單位數_僅供一生傳富、招財進保、世紀贏家商品連結),ALBT8-TF6S,美元,股票型,2024/07/24,RR4,月配,2026/07/30,72.11,-0.41,1.6,3.97,N/A,23.22,20.8,0.06,1.19,2026/06/30,"9,054.00百萬",,僅供一生傳富/招財進保/世紀贏家商品連結
摩根投資基金-多重收益基金-JPM多重收益(美元對沖)-A股(穩定月配)(本基金有相當比重投資於非投資等級之高風險債券且配息來源可能為本金)_(月配/單位數_僅供一生傳富、招財進保、世紀贏家商品連結),JFZN3-TF6T,美元,平衡型,2021/07/02,RR3,月配,2026/07/30,74.08,1.8,4.11,11.08,31.82,N/A,7.32,0.38,0.43,2026/05/31,"21,467.00百萬",3,僅供一生傳富/招財進保/世紀贏家商品連結
富蘭克林成長基金A股(本基金之配息來源可能為本金),FLZ06-TF6W,美元,股票型,1948/03/31,RR4,年配,2026/07/30,141.12,0.9,3.5,9.8,49.89,N/A,17.45,0.16,0.99,2026/05/29,"17,864.00百萬",2.5,
施羅德全週期成長多重資產基金(新台幣)-配息型(本基金有相當比重投資於非投資等級之高風險債券且基金之配息來源可能為本金)_(月配/單位數_僅供一生傳富、招財進保、世紀贏家商品連結),ACES95-TF6X,台幣,多重資產型,2021/01/11,RR3,月配,2026/07/29,10.93,3.14,4.03,21.26,41.83,48.48,10.01,0.54,0.59,2026/06/30,23.9235億,4,僅供一生傳富/招財進保/世紀贏家商品連結
貝萊德世界金融基金 A10美元(總報酬穩定配息)(基金之配息來源可能為本金)_(月配/單位數_僅供一生傳富、招財進保、世紀贏家商品連結),SHZV5-TF6Y,美元,金融股,2022/10/19,RR4,月配,2026/07/30,19.92,11.25,4.88,19.03,113.93,174.61,20.77,0.25,1.27,2026/05/31,"2,608.00百萬",4,僅供一生傳富/招財進保/世紀贏家商品連結
景順日本小型企業基金 A(美元對沖)股 美元,CTZH8-TFA1,美元,中小型股,2014/07/23,RR4,無,2026/07/30,36.17,-1.44,20.41,32.39,95.09,261.7,29.77,0.3,0.73,2026/05/31,"18,010.00百萬",4.5,
景順歐洲大陸小型企業基金A(美元對沖)股 美元,CTZJ1-TFA2,美元,中小型股,2014/10/08,RR4,無,2026/07/30,32.66,1.65,-0.64,-3.54,33.2,226.6,18.74,-0.05,1.08,2026/05/31,223.00百萬,1.5,
景順環球消費趨勢基金A股 美元,ISZ04-TFA3,美元,非必需消費股,1994/10/03,RR4,無,2026/07/30,81.89,-12.5,-13,-6.11,33.41,N/A,40.57,0.002,0.96,2026/05/31,"1,980.00百萬",3.5,
摩根基金 - 美國小型企業股票基金 - JPM美國小型企業股票(美元) - A股(累計),JFZG5-TFA5,美元,股票型,2005/03/31,RR4,無,2026/07/30,34.4,4.43,4.72,4.37,11.25,244,16.08,0.08,0.72,2026/05/31,805.00百萬,1.5,
摩根基金 - 美國科技基金 - JPM美國科技(美元) - A股(累計),JFZG4-TFA6,美元,股票型,2005/03/31,RR4,無,2026/07/30,138.79,0.49,3.18,8.02,66.32,1287.9,35.63,0.1,1.67,2026/05/31,"10,178.00百萬",2.5,
摩根基金 - 環球醫療科技基金 - JPM環球醫療科技(美元) - A股(累計),JFZD2-TFA7,美元,健康護理股,2009/10/02,RR3,無,2026/07/30,554.27,9.77,3.31,20.16,16.99,484,13.71,0.38,0.89,2026/05/31,"3,242.00百萬",2.5,
聯博-全球靈活收益基金A2級別美元(基金之配息來源可能為本金),ALBJ1-TFA8,美元,債券型,2012/02/03,RR2,無,2026/07/30,19.19,0.1,-0.26,1.59,10.03,27.93,3.68,0.03,0.98,2026/06/30,"1,137.00百萬",3,
聯博-聚焦美國股票基金A級別美元(基金之配息來源可能為本金),ALH38-TFA9,美元,股票型,2013/12/23,RR4,無,2026/07/30,45.5,-1.07,-4.81,-8.34,13.16,203.33,14.19,-0.18,0.7,2026/06/30,241.00百萬,1,
美元貨幣帳戶,TFAD-TFAD,美元,貨幣帳戶,-,RR1,-,-,-,-,-,-,-,-,-,-,-,-,-,-,-
瀚亞投資-大中華股票基金 A(美元),IOF20-TFAI,美元,股票型,2005/02/23,RR5,無,2026/07/30,32.028,-7.18,1.6,27.1,48.28,220.28,28.39,0.27,1.46,2026/05/31,102.00百萬,5,
瀚亞非洲基金-新臺幣,ACCP31-TFAN,台幣,跨國投資股票型區域型,2008/10/08,RR5,無,2026/07/29,36.34,1.2,-6.41,34.24,56.17,263.4,21.16,0.42,0.61,2026/06/30,4.9774億,3,
瀚亞投資-美國優質債券基金 A(美元),IOF04-TFAO,美元,公司債券,2005/03/01,RR2,無,2026/07/30,20.907,-0.57,-0.87,2.44,14.04,109.74,4.1,0.07,1.15,2026/05/31,432.00百萬,3,
貝萊德拉丁美洲基金 A2 美元,SHZ17-TFAP,美元,股票型,1997/01/09,RR5,無,2026/07/30,81.21,-3.94,-8.77,21.63,7.69,N/A,21.84,0.27,1.01,2026/05/31,670.00百萬,1,
貝萊德世界黃金基金 A2 美元,SHZ18-TFAQ,美元,貴重金屬,1994/12/30,RR5,無,2026/07/30,88.38,-13.7,-22.89,48.84,158.88,N/A,46.67,0.31,0.88,2026/05/31,"10,886.00百萬",2,
摩根全球平衡基金,ACJF90-TFAS,台幣,股票債券平衡型跨國投資型,2003/12/09,RR3,無,2026/07/30,18.3483,1.83,4.32,22.57,22.24,83.48,8.48,0.67,0.42,2026/06/30,8.1406億,3,
富蘭克林坦伯頓全球投資系列-全球債券基金美元A(acc)股(本基金之配息來源可能為本金),FLZ68-TFAT,美元,債券型,2006/04/28,RR2,無,2026/07/30,28.45,0.85,0.49,7.4,7.68,88.54,8.28,0.22,1.44,2026/05/29,"2,508.00百萬",3.5,
歐元貨幣帳戶,TFAY-TFAY,歐元,貨幣帳戶,-,RR1,-,-,-,-,-,-,-,-,-,-,-,-,-,-,-
聯博-優化波動股票基金A級別美元(基金之配息來源可能為本金),ALH37-TFB1,美元,股票型,2012/12/11,RR3,無,2026/07/30,54.28,3.81,4.95,7.59,42.43,261.87,14.45,0.14,0.79,2026/06/30,"6,888.00百萬",2,
安聯收益成長基金-AT累積類股(美元)(本基金有相當比重投資於非投資等級之高風險債券),TLZ63-TFB2,美元,平衡型,2011/11/18,RR3,無,2026/07/30,30.5095,0.83,3.24,9.67,32.71,205.1,10.75,0.23,0.73,2026/06/30,"58,185.00百萬",2,
安聯歐陸成長基金-AT累積類股(美元避險),TLZA2-TFB3,美元,股票型,2013/12/04,RR4,無,2026/07/30,21.303,5.28,-0.72,-2.88,2.22,113.03,17.81,-0.04,0.92,2026/06/30,214.00百萬,1,
貝萊德新興市場基金 A2 美元,SHZ16-TFBB,美元,股票型,1993/12/01,RR5,無,2026/07/30,53.3,-3.11,4.26,31.74,38.08,N/A,30.87,0.29,1.51,2026/05/31,821.00百萬,2.5,
貝萊德環球資產配置基金 A2 美元,SHZB2-TFBC,美元,平衡型,1997/01/03,RR3,無,2026/07/30,97.26,2.06,1.83,11.88,37.53,594.22,12.54,0.25,0.74,2026/05/31,"18,899.00百萬",2.5,
瀚亞巴西基金,ACCP32-TFBE,台幣,跨國投資股票型單一國家,2010/01/06,RR5,無,2026/07/29,7.04,-6.88,-7,39.68,15.03,-29.6,27.15,0.38,1.44,2026/06/30,6.631億,3,
瀚亞中小型股基金,ACCP10-TFBF,台幣,國內股票開放型中小型,1998/04/03,RR5,無,2026/07/30,123.83,-22.63,26.31,117.93,178.83,1138.3,49.78,0.53,1.32,2026/06/30,37.5683億,3,
瀚亞投資-中印股票基金 A(美元),IOF24-TFBG,美元,股票型,2005/10/17,RR5,無,2026/07/30,33.988,1.93,-5.19,-1.18,16.77,N/A,15.48,-0.02,0.48,2026/05/31,556.00百萬,,
富蘭克林坦伯頓全球投資系列-金磚國家基金美元A (acc)股,FLZA0-TFBH,美元,股票型,2005/10/25,RR5,無,2026/07/30,27.63,-0.79,-2.19,11.77,50.82,176.3,19.11,0.18,1.02,2026/05/29,455.00百萬,4.5,
凱基台商天下基金,ACKG11-TFBI,台幣,跨國投資股票型區域型,2007/05/08,RR5,無,2026/07/30,53.48,-13.48,26.43,108.82,148.63,434.8,46.72,0.52,1.63,2026/06/30,7.5517億,5,
普徠仕（盧森堡）系列基金－普徠仕亞洲(日本除外)股票基金A級別(美元)(原名稱：普徠仕（盧森堡）系列基金－普徠仕亞洲(除日本除外)股票社會責任基金A級別(美元)),MAR01-TFBK,美元,股票型,2008/01/28,RR5,無,2026/07/30,23.95,2.44,9.61,29.88,45.95,139.5,30.12,0.28,1.26,2026/05/31,133.00百萬,2.5,
普徠仕（盧森堡）系列基金－普徠仕全球天然資源股票基金A級別(美元),MAR04-TFBL,美元,股票型,2007/11/05,RR4,無,2026/07/30,13.61,-6.91,1.64,24.41,33.83,36.1,14.58,0.43,0.09,2026/05/31,117.00百萬,3.5,
凱基新興趨勢ETF組合基金,ACKG16-TFBW,台幣,全球組合型其他,2010/08/09,RR4,無,2026/07/30,11.64,-0.26,10.96,41.78,46.78,16.4,25.1,0.43,1.19,2026/06/30,1.4499億,4.5,
貝萊德美國中型企業價值基金A2 美元(原名稱：貝萊德美國特別時機基金 A2 美元),SHZ12-TFCF,美元,股票型,1987/05/13,RR4,無,2026/07/30,473.88,10.89,11.64,19.6,40.04,N/A,12.95,0.39,0.62,2026/05/31,350.00百萬,3,
貝萊德歐洲特別時機基金 A2 歐元,SHZF5-TFCG,歐元,股票型,2002/10/14,RR4,無,2026/07/30,64.73,6.2,3.45,2.19,6.5,534.61,18.94,0.04,0.95,2026/05/31,676.00百萬,1,
摩根基金－環球天然資源基金 - JPM 環球天然資源(美元)－A股(累計),JFH30-TFCH,美元,天然資源,2006/09/12,RR4,無,2026/07/30,22.17,-4.19,0.32,44.81,62.66,74.57,22.77,0.49,0.53,2026/05/31,"1,595.00百萬",4,
摩根基金－新興市場小型企業基金 - JPM新興市場小型企業(美元)- A股perf(累計),JFZ95-TFCI,美元,股票型,2007/11/15,RR5,無,2026/07/30,22.55,-5.41,-2.38,8.73,22.69,125.5,17.39,0.14,0.77,2026/05/31,485.00百萬,1,
高盛基金Ⅲ-高盛全球機會股票基金X股美元(原名稱：NN(L)全球機會股票基金X股美元),ANZ88-TFCJ,美元,股票型,2010/08/10,RR3,無,2026/07/30,436.34,-2.33,-1.24,-5.6,3.11,76.63,15.68,-0.11,0.89,2026/05/31,226.00百萬,1,
普徠仕（盧森堡）系列基金－普徠仕美國大型價值股票基金A級別(美元),MAR06-TFCK,美元,股票型,2003/01/02,RR4,無,2026/07/30,64.1,8.92,15.64,26.21,46.35,541,11.92,0.56,0.6,2026/05/31,537.00百萬,3.5,
富蘭克林華美第一富基金-A累積型(台幣),ACFT01-TFCL,台幣,國內股票開放型一般股票型,2002/12/13,RR4,無,2026/07/30,227.33,-19.43,27.09,110.55,144.18,2173.3,48.55,0.52,1.17,2026/06/30,76.5255億,3,
景順潛力基金,ACCS02-TFCN,台幣,國內股票開放型一般股票型,1995/08/09,RR4,無,2026/07/30,136.73,-0.63,33.79,109.9,168.05,2023.63,41.02,0.59,1.18,2026/06/30,55.6555億,4,
凱基台灣精五門基金,ACKG15-TFCO,台幣,國內股票開放型一般股票型,2009/09/03,RR4,無,2026/07/30,143.62,-19.06,28.23,120.24,221.01,1336.2,49.33,0.54,1.19,2026/06/30,45.4875億,4.5,
高盛基金Ⅲ-高盛新興市場增強股票基金X股美元(本基金非屬環境、社會及治理相關主題之境外基金)(原名稱： NN(L)新興市場增強股票基金X股美元(本基金非屬環境、社會及治理相關主題之境外基金)),ANZ66-TFCX,美元,股票型,1994/07/04,RR5,無,2026/07/30,3048.37,1.04,7.15,30.97,60.48,486.45,26.58,0.32,1.31,2026/05/31,"1,628.00百萬",3,
瀚亞外銷基金A類型–新台幣,ACCP04-TFD1,台幣,國內股票開放型一般股票型,1995/03/27,RR4,無,2026/07/30,229.5,-18.28,30.29,107.54,171.34,2192.71,45.87,0.53,1.1,2026/06/30,170.619億,3.5,
瀚亞理財通基金A不配息(台幣)(原名稱：瀚亞理財通基金),ACCP15-TFD3,台幣,股票債券平衡型一般股票型,2000/11/16,RR4,無,2026/07/30,62.99,5.41,16.33,36.08,58.11,529.9,18.4,0.49,0.55,2026/06/30,73.9757億,1.5,
瀚亞歐洲基金,ACCP13-TFD4,台幣,跨國投資股票型區域型,2000/06/13,RR4,無,2026/07/29,19.12,5.64,2.41,11.49,36.47,91.2,13.99,0.22,0.82,2026/06/30,22.193億,1.5,
瀚亞菁華基金,ACCP07-TFD7,台幣,國內股票開放型一般股票型,1996/10/01,RR4,無,2026/07/30,122.01,-23.63,22.83,105.96,148.7,1120.1,50.52,0.49,1.22,2026/06/30,56.3716億,3,
瀚亞美國高科技基金A類型-新臺幣,ACCP16-TFD8,台幣,跨國投資股票型單一國家,2002/06/17,RR4,無,2026/07/29,131.08,0.18,18.82,51.4,131.26,1210.8,49.16,0.31,2.8,2026/06/30,199.9617億,5,
瀚亞印度基金A類型-新臺幣,ACCP22-TFDA,台幣,跨國投資股票型單一國家,2005/06/06,RR5,無,2026/07/29,57.85,8.88,5.49,6.11,31.93,478.5,20.15,0.1,1.09,2026/06/30,123.2176億,2,
瀚亞股債入息組合基金A-新台幣(本基金並無保證收益及配息),ACCP21-TFDE,台幣,全球組合型平衡型,2005/01/31,RR3,無,2026/07/29,24.8556,2.13,8.55,24.92,44.63,148.56,13.46,0.47,0.81,2026/06/30,28.8791億,5,
新台幣貨幣帳戶,TFDF-TFDF,台幣,貨幣帳戶,-,RR1,-,-,-,-,-,-,-,-,-,-,-,-,-,-,-
摩根新興35基金-累積型(原名稱：摩根新興35基金),ACJF96-TFDI,台幣,跨國投資股票型區域型,2006/07/25,RR5,無,2026/07/30,23.1,0.57,7.14,42.15,56.08,131,22.8,0.47,1.13,2026/06/30,64.8731億,3.5,
瀚亞亞太不動產證券化基金A類型,ACCP27-TFDJ,台幣,不動產證券化型,2006/12/26,RR5,無,2026/07/29,11.7,3.17,-1.1,10.38,16.42,17,16.42,0.17,0.71,2026/06/30,4.4756億,2.5,
瀚亞精選傘型基金之債券精選組合基金A-新台幣,ACCP26-TFDN,台幣,全球組合型債券型,2006/10/04,RR2,無,2026/07/29,14.0483,0.17,-0.94,4.36,8.27,40.49,3.61,0.25,0.75,2026/06/30,10.1887億,2,
貝萊德永續能源基金A2美元(本基金非屬環境、社會及治理相關主題基金),SHZA4-TFDO,美元,新能源,2001/04/06,RR4,無,2026/07/30,23.39,-5.27,4.23,27.95,33.43,133.9,19.55,0.38,0.78,2026/05/31,"5,608.00百萬",3.5,
M＆G全球未來趨勢基金A(歐元),MMG04-TFDQ,歐元,股票型,2000/11/17,RR4,無,2026/07/30,68.8068,4.91,8.75,18.32,33.53,568.23,10.52,0.45,0.55,2026/05/31,"3,343.00百萬",3.5,
摩根東協基金(美元)(累計),JFZ01-TFDS,美元,股票型,1983/07/07,RR5,無,2026/07/30,193.43,6.44,4.34,13.52,30.63,N/A,11.88,0.3,0.31,2026/05/31,"1,154.00百萬",3.5,
貝萊德世界礦業基金 A2 美元,SHZ19-TFDV,美元,天然資源,1997/03/24,RR4,無,2026/07/30,103.16,-4.32,-7.68,54.06,59.89,933.67,33.46,0.41,0.05,2026/05/31,"7,754.00百萬",4,
瀚亞投資-亞洲債券基金 A(美元)(本基金有相當比重投資於非投資等級之高風險債券)(2026/07/26暫停申購),IOF06-TFDW,美元,債券型,2005/03/01,RR3,無,2026/07/30,19.988,0.05,-0.31,3.73,18.24,99.88,3.72,0.19,1,2026/05/31,"2,383.00百萬",4,
瀚亞亞太基礎建設基金,ACCP29-TFDX,台幣,跨國投資股票型區域型,2007/05/23,RR4,無,2026/07/30,14,-1.48,-2.03,12.27,22.48,40,11.91,0.27,0.24,2026/06/30,3.843億,1,
瀚亞亞太高股息基金A-新台幣(本基金並無保證收益及配息),ACCP24-TFDY,台幣,跨國投資股票型區域型,2006/04/10,RR5,無,2026/07/29,25.44,2.58,9.84,45.87,75.45,154.4,22.01,0.52,1.03,2026/06/30,11.0795億,3.5,
富蘭克林坦伯頓全球投資系列-亞洲成長基金美元A (acc)股,FLZC1-TFEG,美元,股票型,2001/05/14,RR5,無,2026/07/30,58.94,7.22,14.65,40.97,65.52,N/A,32.48,0.34,1.36,2026/05/29,"2,498.00百萬",3.5,
瀚亞投資-印尼股票基金 A(美元),IOF10-TFEO,美元,股票型,2007/07/02,RR5,無,2026/07/30,9.235,-11.42,-24.11,-23.04,-38.76,-7.65,23.16,-0.31,0.84,2026/05/31,77.00百萬,1.5,
M＆G全球未來趨勢基金A(美元),MMG15-TFEP,美元,股票型,2007/03/09,RR4,無,2026/07/30,27.9984,2.75,4.42,17.63,39.37,179.98,14.4,0.32,0.76,2026/05/31,"3,343.00百萬",3,
瀚亞投資-印度股票基金 A(美元),IOF25-TFEQ,美元,股票型,2005/10/17,RR5,無,2026/07/30,19.764,2.53,-6.06,-9.51,11.5,N/A,16.77,-0.17,0.92,2026/05/31,287.00百萬,2.5,
貝萊德歐洲特別時機基金 A2 美元,SHZF4-TFES,美元,股票型,2002/10/14,RR4,無,2026/07/30,74.59,4.67,0.16,2.7,11.38,645.9,21.19,0.05,1.21,2026/05/31,676.00百萬,1,
貝萊德中國基金 A2 美元,SHZL5-TFET,美元,股票型,2008/06/24,RR5,無,2026/07/30,20.09,-3.41,-7.12,1.77,23.18,100.9,18.92,0.03,0.72,2026/05/31,"1,090.00百萬",3,
富蘭克林坦伯頓全球投資系列-大中華基金美元A (acc)股,FLZA2-TFEW,美元,股票型,1994/09/01,RR5,無,2026/07/30,23.92,-6.2,-11.9,0.67,5.14,139.2,18.38,0.02,0.6,2026/05/29,293.00百萬,1.5,
富蘭克林坦伯頓全球投資系列-亞洲小型企業基金美元A (acc)股,FLZD6-TFEY,美元,中小型股,2008/10/14,RR4,無,2026/07/30,71.15,-1.1,0.44,4.2,27.81,611.5,19.38,0.07,0.74,2026/05/29,731.00百萬,1.5,
富蘭克林華美中華基金,ACFT06-TFEZ,台幣,跨國投資股票型區域型,2009/03/24,RR5,無,2026/07/30,16.18,-3.86,-4.77,17.16,25.91,61.8,27.54,0.19,1.49,2026/06/30,4.7883億,1,
富蘭克林坦伯頓全球投資系列-新興國家基金美元A (acc)股,FLZE8-TFFA,美元,股票型,2001/05/14,RR5,無,2026/07/30,82.07,3.6,10.8,43.83,86.02,608.72,30.57,0.38,1.51,2026/05/29,"2,546.00百萬",4.5,
貝萊德亞洲老虎債券基金 A2 美元(基金有相當比重投資於非投資等級之高風險債券),SHZG2-TFFV,美元,債券型,1996/02/02,RR3,無,2026/07/30,44.94,0.2,-0.29,4.58,21.62,N/A,3.83,0.25,0.99,2026/05/31,"2,123.00百萬",4.5,
富蘭克林華美全球債券組合基金-累計型(本基金之配息來源可能為本金),ACFT03-TFFX,台幣,全球組合型債券型,2005/06/29,RR3,無,2026/07/29,13.9752,1.36,0.9,9.13,17.59,39.75,4.3,0.51,0.85,2026/06/30,8.1625億,3,
摩根基金－美國複合收益債券基金 - JPM 美國複合收益債券(美元)－ A股(累計),JFZ99-TFFY,美元,債券型,2005/03/31,RR2,無,2026/07/30,18.29,-0.81,-1.08,2.06,10.45,82.9,3.76,0.07,1.09,2026/05/31,"4,610.00百萬",3,
摩根基金－環球企業債券基金 -JPM環球企業債券(美元)- A股(累計),JFZ96-TFGA,美元,債券型,2009/02/27,RR2,無,2026/07/30,20.49,-0.15,-1.01,2.25,15.76,104.9,3.86,0.08,1.04,2026/05/31,"6,178.00百萬",3,
瀚亞投資-優質公司債基金 A(美元),IOF29-TFGC,美元,公司債券,2007/11/30,RR2,無,2026/07/30,14.743,-0.72,-1.04,2,11.74,N/A,4.1,0.04,1.16,2026/05/31,"2,844.00百萬",2.5,
聯博-美國收益基金 A2股美元(本基金有相當比重投資於非投資等級之高風險債券且配息來源可能為本金),ALZ10-TFGI,美元,債券型,1998/10/26,RR3,無,2026/07/30,33.54,-0.59,-0.97,2.26,15.54,276.85,3.99,0.08,1.02,2026/06/30,"20,055.00百萬",3,
元大多福基金,ACYT02-TFGO,台幣,國內股票開放型一般股票型,1994/03/16,RR4,無,2026/07/30,264.92,-18.24,34.75,133.14,175.01,2549.2,45.91,0.6,1.08,2026/06/30,109.3718億,4.5,
元大亞太成長基金,ACYT26-TFGP,台幣,跨國投資股票型區域型,2006/01/24,RR5,無,2026/07/30,11.74,-3.06,14.43,55.5,65.35,17.4,28.84,0.48,1.18,2026/06/30,10.6522億,3.5,
野村中小基金-累積類型,ACIC08-TFGQ,台幣,國內股票開放型中小型,2001/04/11,RR5,無,2026/07/30,446.56,-20.32,36.37,135.56,183.33,4365.6,50.92,0.56,1.31,2026/06/30,262.4615億,4,
野村優質基金-累積類型新臺幣計價,ACIC01-TFGR,台幣,國內股票開放型一般股票型,1999/04/21,RR4,無,2026/07/30,361.34,-13.62,48.25,125.56,180.17,3513.4,45.49,0.58,0.99,2026/06/30,560.5945億,4.5,
貝萊德世界金融基金 A2 美元,SHZA8-TFGV,美元,金融股,2000/03/03,RR4,無,2026/07/30,82.06,11.22,4.88,19,113.81,730.57,20.77,0.25,1.27,2026/05/31,"2,608.00百萬",4,
貝萊德世界健康科學基金 A2 美元,SHZB0-TFGW,美元,健康護理股,2001/04/06,RR3,無,2026/07/30,76.75,9.38,2.57,16.31,19.31,N/A,13.76,0.31,0.95,2026/05/31,"12,481.00百萬",3,
貝萊德全球股票收益基金 A2 美元,SHZN5-TFGX,美元,股票型,2010/11/12,RR3,無,2026/07/30,30.44,4,4.57,16.49,38.43,204.1,15.44,0.29,0.91,2026/05/31,"1,130.00百萬",2.5,
貝萊德美國價值型基金 A2 美元,SHZ64-TFGY,美元,股票型,1997/01/08,RR4,無,2026/07/30,176.56,8.62,10.65,23,50.82,673.03,12.76,0.46,0.64,2026/05/31,940.00百萬,4,
貝萊德美國靈活股票基金 A2 美元,SHZF2-TFGZ,美元,股票型,2002/10/31,RR4,無,2026/07/30,98.15,1.04,7.92,26.22,70.58,874.68,22.67,0.31,1.25,2026/05/31,"2,664.00百萬",4.5,
貝萊德歐洲基金 A2 歐元,SHZ43-TFHB,歐元,股票型,1993/11/30,RR4,無,2026/07/30,210.53,6.83,3.75,7.78,19.19,N/A,17.62,0.13,0.92,2026/05/31,"1,214.00百萬",1,
貝萊德歐洲價值型基金 A2 歐元,SHZ69-TFHC,歐元,股票型,1997/01/08,RR4,無,2026/07/30,137.81,7.03,4.54,16.92,55.03,N/A,13.17,0.34,0.78,2026/05/31,"1,529.00百萬",3.5,
貝萊德環球動力股票基金A2美元,SHZJ0-TFHD,美元,股票型,2006/02/28,RR3,無,2026/07/30,44.19,5.36,4.72,16.17,48.64,341.9,19.86,0.23,1.15,2026/05/31,489.00百萬,3.5,
施羅德環球基金系列 - 新興歐洲 (歐元)A1-累積,PYZ61-TFHF,歐元,股票型,2003/07/14,RR5,無,2026/07/30,32.6831,7.72,9.8,29.33,98.06,333.46,18.94,0.4,0.7,2026/06/30,"1,614.00百萬",3,
凱基新興市場中小基金-台幣計價A,ACKG19-TFHG,台幣,跨國投資股票型區域型,2011/08/05,RR5,無,2026/07/30,38.48,-16.24,6.8,56.68,95.63,284.8,41.91,0.36,1.65,2026/06/30,4.1578億,4.5,
普徠仕（盧森堡）系列基金－普徠仕美國大型成長股票基金A級別(美元),MAR17-TFHH,美元,股票型,2003/11/13,RR4,無,2026/07/30,113.18,2.71,4.17,7.83,67.92,1031.8,22.86,0.11,1.26,2026/05/31,"2,734.00百萬",3,
普徠仕（盧森堡）系列基金－普徠仕美國小型公司股票基金A級別(美元),MAR08-TFHI,美元,股票型,2001/07/31,RR4,無,2026/07/30,98.21,7.01,8.29,18.11,33.55,882.1,12.91,0.36,0.56,2026/05/31,"3,478.00百萬",3,
宏利亞太中小企業基金(新臺幣),ACAP20-TFHM,台幣,跨國投資股票型區域型,2010/04/08,RR5,無,2026/07/29,19.61,-6.71,-6.44,16.24,10.17,96.1,20.03,0.23,0.82,2026/06/30,2.5817億,1,
澳幣貨幣帳戶,TFHN-TFHN,澳幣,貨幣帳戶,-,RR1,-,-,-,-,-,-,-,-,-,-,-,-,-,-,-
摩根泰國基金,JFZ06-TFHO,美元,股票型,1989/08/08,RR5,無,2026/07/30,216.11,4.21,14.7,27.59,19.48,N/A,23.2,0.32,1.21,2026/05/31,187.00百萬,3,
聯博-全球不動產證券基金 A股美元(基金之配息來源可能為本金),ALZ17-TFHR,美元,REIT,1997/02/28,RR4,,2026/07/30,32.05,2.49,7.73,14.75,27.94,265.76,17.65,0.23,1.12,2026/06/30,38.00百萬,3,
聯博-短期債券基金 A2股美元(基金之配息來源可能為本金),ALZ40-TFHU,美元,債券型,1999/05/12,RR2,無,2026/07/30,20.15,0.6,0.7,2.65,12.13,N/A,1.42,0.29,0.35,2026/06/30,428.00百萬,3,
聯博-全球價值型基金A股美元 (基金之配息來源可能為本金),ALZD3-TFHV,美元,股票型,2001/04/24,RR3,無,2026/07/30,34.83,6.61,7.4,29.87,65.07,248.3,13.84,0.54,0.68,2026/06/30,696.00百萬,5,
聯博-亞洲股票基金A股美元(基金之配息來源可能為本金),ALZZ9-TFHY,美元,股票型,2009/11/30,RR5,無,2026/07/30,39.51,-2.28,4.11,37.14,72.46,163.4,33.41,0.31,1.39,2026/06/30,474.00百萬,4,
聯博-美國成長基金 A股美元(基金之配息來源可能為本金),ALZ01-TFIA,美元,股票型,1997/01/06,RR4,無,2026/07/30,251.95,-0.42,1.55,3.95,50.21,1237.31,20.75,0.06,1.19,2026/06/30,"9,054.00百萬",2.5,
聯博-國際科技基金 A股美元,ALZ03-TFIC,美元,資訊科技股,1995/10/02,RR4,無,2026/07/30,1462.24,1.94,19.26,44.53,127.68,2278.79,41,0.31,1.17,2026/06/30,"3,849.00百萬",4,
聯博-國際醫療基金 A股美元(基金之配息來源可能為本金),ALZ02-TFID,美元,健康護理股,1995/07/05,RR3,無,2026/07/30,613.73,8.81,2.74,17.58,15.98,884.33,14.1,0.33,1,2026/06/30,"3,530.00百萬",2.5,
聯博-新興市場價值基金A股美元,ALZZ5-TFIG,美元,股票型,2010/02/26,RR5,無,2026/07/30,86.76,1.6,9,37.58,66.46,97.32,29.54,0.34,1.41,2026/06/30,440.00百萬,3,
聯博-歐洲股票基金A級別歐元(基金之配息來源可能為本金),ALZC6-TFIK,歐元,股票型,2001/05/29,RR4,無,2026/07/30,28.52,5.08,5.9,20.34,38.04,185.2,13.16,0.4,0.83,2026/06/30,240.00百萬,3.5,
貝萊德日本特別時機基金 A2 美元,SHZ11-TFIM,美元,股票型,1987/05/13,RR4,無,2026/07/30,105.61,-2.03,3.31,22.19,65.02,N/A,24.86,0.25,0.53,2026/05/31,"64,637.00百萬",2,
貝萊德世界科技基金 A2 美元,SHZ71-TFIR,美元,資訊科技股,1995/03/03,RR4,無,2026/07/30,134.06,3.54,15.73,27.87,101.47,1235.26,41.98,0.21,1.21,2026/05/31,"20,010.00百萬",3,
貝萊德世界能源基金 A2 美元,SHZA6-TFIS,美元,能源,2001/04/06,RR5,無,2026/07/30,34.82,-1.22,17.79,35.59,48.17,248.2,21.52,0.42,0.89,2026/05/31,"2,417.00百萬",4,
貝萊德世界債券基金 A2 美元(本基金非屬環境、社會及治理相關主題基金),SHZM0-TFIT,美元,債券型,1985/09/04,RR2,無,2026/07/30,84.4,0.09,-0.81,1.99,11.73,N/A,3.98,0.06,1.08,2026/05/31,949.00百萬,3,
貝萊德全球通膨連結債券基金 A2 美元,SHZN8-TFIU,美元,固定收益,2009/06/19,RR2,無,2026/07/30,17.28,-0.58,0,2.19,9.09,72.46,2.73,0.1,0.67,2026/05/31,136.00百萬,2,
貝萊德印度基金 A2 美元,SHZH8-TFIV,美元,股票型,2006/04/28,RR5,無,2026/07/30,50.66,3.94,-1.63,-6.05,3.66,177.44,17.14,-0.1,0.93,2026/05/31,352.00百萬,2.5,
貝萊德ESG社會責任多元資產基金Hedged A2 美元,SHZM4-TFIW,美元,平衡型,2010/04/16,RR3,無,2026/07/30,65.55,3.1,4.86,15.61,32.83,152.12,10.54,0.38,0.6,2026/05/31,"2,980.00百萬",3,ESG基金
貝萊德亞洲巨龍基金 A2 美元,SHZK7-TFIX,美元,股票型,1997/01/02,RR5,無,2026/07/30,67.88,-1.39,5.06,25.54,46.48,N/A,29.59,0.25,1.22,2026/05/31,930.00百萬,2.5,
貝萊德美元優質債券基金 A2 美元,SHZ77-TFIY,美元,債券型,1989/04/07,RR2,無,2026/07/30,34.99,-0.46,-1.02,2.67,10.62,N/A,3.93,0.11,1.13,2026/05/31,533.00百萬,3,
貝萊德英國基金 A2 美元,SHZ48-TFJA,美元,股票型,1985/12/31,RR4,無,2026/07/30,217.77,6.17,4.92,8.97,38.76,N/A,15.11,0.16,0.97,2026/05/31,140.00百萬,2.5,
貝萊德歐洲基金 A2 美元,SHZ02-TFJD,美元,股票型,1993/11/30,RR4,無,2026/07/30,242.6,5.3,0.44,8.31,24.67,N/A,20.11,0.12,1.17,2026/05/31,"1,214.00百萬",1.5,
貝萊德歐洲價值型基金 A2 美元,SHZ68-TFJE,美元,股票型,1997/01/08,RR4,無,2026/07/30,158.8,5.49,1.2,17.49,62.16,713.11,16.29,0.29,1.03,2026/05/31,"1,529.00百萬",4,
貝萊德環球企業債券基金 A2 美元,SHZL8-TFJF,美元,公司債券,2007/10/19,RR2,無,2026/07/30,16.12,-0.49,-0.74,2.35,15.47,61.2,3.8,0.09,1.06,2026/05/31,"1,488.00百萬",3,
貝萊德環球政府債券基金 A2 美元,SHZ24-TFJH,美元,市政債券,1987/05/14,RR2,無,2026/07/30,30.52,-0.07,-1.17,1.06,8.84,N/A,4.06,-0.01,1.38,2026/05/31,818.00百萬,3.5,
貝萊德環球前瞻股票基金 A2 美元,SHZ10-TFJI,美元,股票型,1996/02/29,RR3,無,2026/07/30,106.56,0.62,-3.2,1.28,20.94,N/A,15.59,0.02,0.89,2026/05/31,590.00百萬,1,
日圓貨幣帳戶,TFJK-TFJK,日圓,貨幣帳戶,-,RR1,-,-,-,-,-,-,-,-,-,-,-,-,-,-,-
摩根南韓基金,JFZ11-TFJL,美元,股票型,1991/12/11,RR5,無,2026/07/30,138.35,-14.99,1,56.88,92.07,N/A,58.21,0.3,0.8,2026/05/31,682.00百萬,1,
高盛基金Ⅲ-高盛大中華股票基金X股美元(原名稱：NN(L)大中華股票基金X股美元),ANZ57-TFJN,美元,股票型,1999/10/04,RR5,無,2026/07/30,1633.5,-15.5,-7.25,19.19,52.4,226.7,35.58,0.18,1.83,2026/05/31,327.00百萬,4,
高盛基金Ⅲ-高盛日本股票基金X股美元(原名稱：NN(L)日本股票基金X股美元),ANZ81-TFJO,美元,股票型,2011/02/28,RR4,無,2026/07/30,220.14,4.37,5.18,20.64,43.22,118.13,20.52,0.28,0.53,2026/05/31,310.00百萬,1,
高盛基金Ⅲ-高盛環球社會影響力基金X股美元(原名稱：高盛永續智慧經濟基金X股美元),ANZ92-TFJP,美元,資訊科技股,1998/01/26,RR4,無,2026/07/30,1941.6,1.55,-3.55,-10.67,2.78,288.32,12.98,-0.26,0.28,2026/05/31,844.00百萬,1,
高盛基金Ⅲ-高盛美國高股息基金X股美元(本基金之配息來源可能為本金且並無保證收益及配息)(原名稱：NN(L)美國高股息基金X股美元(本基金之配息來源可能為本金且並無保證收益及配息)),ANZ85-TFJQ,美元,股票型,2005/03/31,RR4,無,2026/07/30,1074.91,5.64,8.21,12.52,45.72,329.96,14.21,0.23,0.78,2026/05/31,358.00百萬,2,
高盛基金Ⅲ-高盛環球高股息基金X股美元(本基金之配息來源可能為本金且並無保證收益及配息)(原名稱：NN(L)環球高股息基金X股美元(本基金之配息來源可能為本金且並無保證收益及配息)),ANZ75-TFJW,美元,股票型,2006/04/17,RR3,無,2026/07/30,897.42,2.9,6.85,15.57,45.15,154.86,12.67,0.32,0.7,2026/05/31,851.00百萬,3,
野村中國機會基金,ACIC26-TFJY,台幣,跨國投資股票型區域型,2009/04/22,RR5,無,2026/07/29,19.32,7.57,13.25,44.5,41.64,93.2,51.22,0.28,2.32,2026/06/30,28.3654億,2.5,
野村巴西基金,ACIC29-TFJZ,台幣,跨國投資股票型單一國家,2010/04/01,RR5,無,2026/07/29,7.73,-7.54,-3.38,47.8,22.89,-22.7,29.6,0.41,1.57,2026/06/30,6.5067億,4,
野村台灣高股息基金(本基金之配息來源可能為本金且並無保證收益及配息),ACKH29-TFKA,台幣,國內股票開放型價值型,2005/03/18,RR4,無,2026/07/30,118.94,6.24,27.73,62.38,141.11,1089.4,29.73,0.51,0.86,2026/06/30,38.4727億,,
野村平衡基金,ACIC05-TFKB,台幣,股票債券平衡型一般股票型,2000/02/22,RR4,無,2026/07/30,113.48,-13.72,26.68,80.79,130.32,1034.8,32.95,0.56,0.73,2026/06/30,39.6733億,4.5,
野村全球生技醫療基金,ACIC19-TFKC,台幣,跨國投資股票型全球市場,2007/01/18,RR4,無,2026/07/29,27.59,16.32,7.44,22.51,19.9,175.9,17.4,0.34,0.05,2026/06/30,14.1181億,2,
野村全球品牌基金,ACIC09-TFKD,台幣,跨國投資股票型全球市場,2002/06/21,RR4,無,2026/07/29,55.1,-6.08,-1.8,12.7,28.74,451,28.72,0.15,1.49,2026/06/30,38.618億,2.5,
野村全球高股息基金累積型新臺幣計價(本基金之配息來源可能為本金且並無保證收益及配息),ACIC10-TFKE,台幣,跨國投資股票型全球市場,2003/05/19,RR3,無,2026/07/29,41.45,6.12,16.3,38.95,80.93,314.5,16.76,0.58,0.86,2026/06/30,21.18億,4,
野村亞太高股息基金累積型新臺幣計價(本基金之配息來源可能為本金且並無保證收益及配息),ACIC18-TFKF,台幣,跨國投資股票型區域型,2006/05/09,RR5,無,2026/07/29,23.24,-6.06,8.04,59.18,55.66,132.4,31.42,0.46,1.39,2026/06/30,19.2084億,3.5,
野村泰國基金,ACKH12-TFKH,台幣,跨國投資股票型單一國家,1997/06/03,RR5,無,2026/07/27,43.32,8.03,17.14,43.87,17.62,332.77,19.55,0.55,0.9,2026/06/30,8.7675億,3.5,
貝萊德日本靈活股票基金 A2 美元,SHZI1-TFKK,美元,股票型,2005/02/28,RR4,無,2026/07/30,24.49,-1.29,-1.37,17.07,46.38,144.9,21.02,0.23,0.57,2026/05/31,"205,994.00百萬",1,
貝萊德智慧數據環球小型企業基金A2美元(本基金非屬環境、社會及治理相關主題基金),SHZA2-TFKM,美元,中小型股,1994/11/04,RR4,無,2026/07/30,217.92,3.77,8.93,24.11,55.74,2079.2,16.38,0.38,0.91,2026/05/31,636.00百萬,4.5,
施羅德環球基金系列 - 中國優勢 (美元)A1-累積,PYZJ2-TFKO,美元,股票型,2006/02/17,RR5,無,2026/07/30,368.4441,-5.48,-13.16,0.8,5.44,268.44,20.59,0.02,0.33,2026/06/30,897.00百萬,2.5,
施羅德環球基金系列 - 日本小型公司 (美元)A1-累積,PYZD9-TFKP,美元,中小型股,2006/04/24,RR4,無,2026/07/30,1.4411,-3.25,2.04,14.84,26.39,61.92,19.54,0.21,0.37,2026/06/30,"10,268.00百萬",3,
施羅德環球基金系列 - 日本股票 (美元避險)A1-累積,PYZK8-TFKQ,美元,股票型,2013/04/17,RR4,無,2026/07/30,363.3454,3.8,12.45,36.94,77.06,263.35,18.19,0.51,0.43,2026/06/30,"100,431.00百萬",3.5,
施羅德環球基金系列 - 日本優勢 (美元避險)A1-累積,PYZL2-TFKR,美元,股票型,2013/06/26,RR4,無,2026/07/30,52.3432,6.35,16.39,44.85,101.86,423.43,20.3,0.54,0.45,2026/06/30,"77,659.00百萬",4,
施羅德環球基金系列-印度股票 (美元)A1-累積,PYZG0-TFKS,美元,股票型,2006/11/10,RR5,無,2026/07/30,283.3838,0.96,-5.27,-9.14,12.14,183.38,17.18,-0.16,0.95,2026/06/30,275.00百萬,2,
施羅德環球基金系列 - 拉丁美洲 (美元)A1-累積,PYZ51-TFKV,美元,股票型,2002/05/31,RR5,無,2026/07/30,55.0132,-4.37,-5.15,32.93,22.33,473.05,20.58,0.41,0.96,2026/06/30,472.00百萬,3.5,
施羅德環球基金系列 - 美國大型股 (美元)A1-累積,PYZ30-TFKW,美元,股票型,2002/01/11,RR4,無,2026/07/30,354.2324,1.79,3.05,7.56,60.04,406.41,16.84,0.13,0.94,2026/06/30,"9,569.00百萬",2.5,
施羅德環球基金系列 - 美國中小型股票 (美元)A1-累積,PYZE5-TFKX,美元,中小型股,2004/12/10,RR4,無,2026/07/30,523.2824,4.46,9.04,25.42,34.11,423.28,14.32,0.46,0.62,2026/06/30,908.00百萬,3.5,
施羅德環球基金系列 - 香港股票 (美元)A1-累積,PYZI7-TFKY,美元,股票型,2010/11/17,RR4,無,2026/07/30,53.5445,-4.59,-9.67,3.32,7.09,51.56,19.4,0.06,0.77,2026/06/30,"6,071.00百萬",1.5,
施羅德環球基金系列 - 策略債券 (美元)A1-累積(本基金有相當比重投資於非投資等級之高風險債券且基金之配息來源可能為本金),PYZK0-TFKZ,美元,債券型,2004/09/30,RR3,無,2026/07/30,156.3361,0.67,-0.22,3.08,19.34,56.34,3.97,0.14,0.99,2026/06/30,573.00百萬,3.5,
施羅德環球基金系列 - 新興市場 (美元)A1-累積(基金之配息來源可能為本金),PYZ41-TFLB,美元,股票型,2002/01/11,RR5,無,2026/07/30,24.6402,-1.18,5.36,38.57,66.41,553.59,28.66,0.36,1.4,2026/06/30,"7,945.00百萬",4,
施羅德環球基金系列 - 新興亞洲 (美元)A1-累積,PYZ02-TFLD,美元,股票型,2004/01/09,RR5,無,2026/07/30,67.8163,-2.9,3.81,29.27,52.98,570.12,28.02,0.29,1.16,2026/06/30,"6,555.00百萬",3,
施羅德環球基金系列 - 新興歐洲 (美元)A1-累積,PYZD6-TFLE,美元,股票型,2006/04/24,RR5,無,2026/07/30,37.3531,5.71,5.75,29.34,106.44,31.71,22.86,0.34,0.85,2026/06/30,"1,614.00百萬",3.5,
施羅德環球基金系列 - 歐洲小型公司 (美元)A1-累積,PYZD7-TFLF,美元,中小型股,2006/04/24,RR4,無,2026/07/30,47.4929,2.74,1.85,3.66,17.21,63.09,20.77,0.06,1.19,2026/06/30,47.00百萬,2,
施羅德環球基金系列 - 環球收益股票 (美元)A1-累積(基金之配息來源可能為本金),PYZF3-TFLI,美元,股票型,2005/07/29,RR3,無,2026/07/30,328.6973,10.29,14.73,28.93,50.83,228.7,12.9,0.56,0.37,2026/06/30,279.00百萬,4.5,
施羅德環球基金系列 - 環球能源 (美元)A1-累積,PYZE3-TFLJ,美元,能源,2006/06/30,RR5,無,2026/07/30,26.3076,-4.86,19.36,43.01,57.49,-5.91,23.5,0.46,0.93,2026/06/30,691.00百萬,4.5,
摩根大歐洲基金-累積型(原名稱：摩根大歐洲基金),ACJF81-TFLN,台幣,跨國投資股票型區域型,1998/06/01,RR4,無,2026/07/30,33.71,5.34,4.43,25.69,56.5,237.1,13.07,0.5,0.8,2026/06/30,55.7237億,2.5,
摩根太平洋證券基金,JFZ04-TFLO,美元,股票型,1978/05/26,RR5,無,2026/07/30,673.18,-1.11,3.33,23.23,46.74,N/A,27.02,0.25,1.15,2026/05/31,786.00百萬,1.5,
摩根平衡基金,ACJF87-TFLP,台幣,股票債券平衡型價值型股票型,2000/09/28,RR4,無,2026/07/30,98.05,-1.34,29.34,66.33,110.72,880.5,27.2,0.57,0.77,2026/06/30,73.071億,,
摩根亞洲增長基金,JFH17-TFLQ,美元,股票型,2007/05/14,RR5,無,2026/07/30,26.9,-2.36,4.83,31.28,48.7,169,31.59,0.28,1.32,2026/05/31,799.00百萬,3,
摩根亞洲基金-一般型(原名稱：摩根亞洲基金),ACJF77-TFLS,台幣,跨國投資股票型區域型,1995/10/18,RR5,無,2026/07/30,99.9,0.48,8.87,44.76,52.47,899,28.07,0.41,1.18,2026/06/30,55.8077億,3.5,
摩根亞洲小型企業基金,JFZ10-TFLT,美元,中小型股,1991/12/02,RR5,無,2026/07/30,410.61,-12.16,-1.24,19.26,44.09,N/A,25.06,0.22,0.99,2026/05/31,203.00百萬,3.5,
摩根東方科技基金-累積型(原名稱：摩根東方科技基金),ACJF80-TFLU,台幣,跨國投資股票型區域型,1997/09/08,RR5,無,2026/07/30,83.42,7.21,19.91,70.98,97.35,733.37,44.22,0.41,1.53,2026/06/30,69.1184億,5,
摩根絕對日本基金-累積型,ACJF95-TFLW,台幣,跨國投資股票型單一國家,2006/04/04,RR4,無,2026/07/30,23.5,1.42,3.98,22.59,53.59,135,19.19,0.32,0.42,2026/06/30,12.9294億,3.5,
摩根新興日本基金,AC0022-TFLY,台幣,跨國投資股票型單一國家,1995/01/21,RR4,無,2026/07/30,45.56,4.76,13.19,36.82,49.77,355.6,16.42,0.56,0.37,2026/06/30,9.0132億,3.5,
摩根龍揚基金-累積型,ACJF79-TFMC,台幣,跨國投資股票型全球市場,1997/01/29,RR5,無,2026/07/30,56.36,-5.26,6.86,32.99,42.25,463.6,20.11,0.42,0.69,2026/06/30,68.883億,3.5,
摩根基金－環球短債基金 - JPM環球短債(美元)- A股(累計),JFZA0-TFMD,美元,債券型,2009/07/21,RR2,無,2026/07/30,13.31,0.68,0.38,2.62,13.96,33.1,1.59,0.25,0.36,2026/05/31,551.00百萬,3,
摩根總收益組合基金-累積型,ACJF107-TFME,台幣,全球組合型債券型,2010/12/20,RR2,無,2026/07/29,11.8997,0.3,-0.09,3.06,7.36,19,2.89,0.18,0.64,2026/06/30,9.9697億,1.5,
摩根金龍收成基金,ACJF101-TFMF,台幣,跨國投資股票型區域型,2008/09/22,RR5,無,2026/07/30,37.76,-5.1,7.03,33.05,42.65,277.6,20.15,0.42,1.06,2026/06/30,6.2937億,3,
聯博-歐洲收益基金 A2股美元(本基金有相當比重投資於非投資等級之高風險債券且配息來源可能為本金),ALZ86-TFMH,美元,債券型,1999/03/02,RR3,無,2026/07/30,25.75,-1.15,-3.41,1.7,19.38,N/A,8.58,0.03,1.58,2026/06/30,"1,138.00百萬",3,
貝萊德日本靈活股票基金 A2 日圓,SHZI0-TFMI,日圓,股票型,2005/02/28,RR4,無,2026/07/30,3914,0.54,2.03,25.53,66.55,N/A,20.71,0.33,0.61,2026/05/31,"205,994.00百萬",2,
德銀遠東DWS台灣旗艦基金,ACFE01-TFML,台幣,國內股票開放型一般股票型,2001/08/02,RR4,無,2026/07/30,104.29,-8.31,26.98,92.59,155.93,942.9,45.66,0.48,1.32,2026/06/30,25.3252億,3,
元大店頭基金,ACYT07-TFMM,台幣,國內股票開放型上櫃股票型,1997/01/27,RR5,無,2026/07/30,37.65,-15.55,17.44,88.91,99.84,276.12,42.55,0.49,1.09,2026/06/30,21.2208億,4,
M＆G日本小型股基金A(歐元),MMG08-TFMN,歐元,中小型股,2018/10/26,RR4,無,2026/07/30,63.2619,7.33,15.69,31.69,39.38,113.69,21.18,0.39,0.55,2026/05/31,356.00百萬,4,
元大新中國基金-新台幣,ACYT40-TFMP,台幣,跨國投資股票型全球市場,2009/04/02,RR5,無,2026/07/30,14,0.29,9.12,38.07,40.56,40,24.79,0.4,1.39,2026/06/30,7.8483億,3.5,
元大全球不動產證券化基金(A)-不配息型,ACKY1901-TFMQ,台幣,不動產證券化型,2006/01/19,RR4,無,2026/07/29,20.3,5.07,16.13,34.44,45.62,93.52,15.49,0.56,0.91,2026/06/30,6.563億,5,
元大全球ETF穩健組合基金,ACKY18-TFMR,台幣,全球組合型平衡型,2005/03/08,RR3,無,2026/07/29,22.28,1.5,4.06,21.75,32.7,122.8,11.69,0.48,0.67,2026/06/30,16.4803億,4,
施羅德台灣樂活中小基金-A類型,ACES10-TFMS,台幣,國內股票開放型中小型,2007/11/16,RR5,無,2026/07/30,149.77,-7.42,66.23,162.62,228.3,1397.7,47.84,0.66,1.22,2026/06/30,34.0337億,5,
富蘭克林華美中國傘型基金之中國A股基金-新臺幣,ACFT23-TFMU,台幣,跨國投資股票型區域型,2014/07/02,RR5,無,2026/07/30,11.31,2.82,9.49,35.61,31.97,13.1,27.59,0.35,1.56,2026/06/30,26.3451億,2.5,
摩根投資基金－策略總報酬基金 - JPM策略總報酬(歐元)- A股(累計)(本基金有相當比重投資於非投資等級之高風險債券),JFZE7-TFMV,歐元,平衡型,1998/10/23,RR3,無,2026/07/30,187.13,1.92,-4.48,-0.11,2.95,N/A,8.94,-0.03,0.4,2026/05/31,"1,452.00百萬",1,
摩根投資基金－多重收益基金 - JPM多重收益(美元對沖) - A股(累計)(本基金有相當比重投資於非投資等級之高風險債券),JFZA6-TFMW,美元,平衡型,2012/05/30,RR3,無,2026/07/30,273.16,1.82,4.1,11.07,31.87,119.97,7.3,0.38,0.42,2026/05/31,"21,467.00百萬",3,
瀚亞投資-美國特優級債券基金A(美元),IOF03-TFMX,美元,公司債券,2004/12/16,RR2,無,2026/07/30,15.17,-1.29,-1.51,1.53,10.12,51.7,4.43,0.03,1.22,2026/05/31,234.00百萬,2.5,
M＆G北美股息基金A(美元)(本基金並無保證收益及配息),MMG14-TFMY,美元,股票型,2018/11/09,RR4,無,2026/07/30,45.7258,2.39,1.7,9.42,46.17,125.02,14.5,0.17,0.76,2026/05/31,404.00百萬,2,
霸菱歐洲精選信託基金-A類美元累積型,PLZ79-TFNA,美元,中小型股,2013/12/16,RR4,無,2026/07/30,79.39,0.6,-1.66,7.23,27.9,N/A,18.85,0.11,1.1,2026/06/30,468.00百萬,2,
霸菱德國增長基金-A類歐元累積型,PLZ87-TFNB,歐元,股票型,2000/08/29,RR4,無,2026/07/30,16.62,3.55,0.79,2.15,46.95,222.72,17.24,0.04,0.83,2026/06/30,368.00百萬,2,
柏瑞環球基金-柏瑞印度股票基金A,AIZ49-TFNC,美元,股票型,2005/09/12,RR5,無,2026/07/30,83.9097,1.97,-5.69,-8.36,12.23,571.28,16.87,-0.15,0.9,2026/06/30,578.00百萬,3,
元大全球新興市場精選組合基金,ACKY22-TFNL,台幣,全球組合型股票型,2006/06/27,RR5,無,2026/07/30,21.69,2.07,11.75,45.77,54.38,116.9,24.57,0.47,1.28,2026/06/30,5.1089億,4,
元大大中華價值指數基金-新台幣,ACKY28-TFNM,台幣,跨國投資指數型,2009/05/21,RR5,無,2026/07/30,25.702,5.21,1.32,20.5,56.17,157.02,14.54,0.37,0.4,2026/06/30,4.3964億,3,
M＆G收益優化基金A(美元避險),MMG42-TFNN,美元,債券型,2018/09/07,RR3,無,2026/07/30,12.4901,-0.3,-0.87,1.73,15.04,24.9,5,0.04,1.3,2026/05/31,"7,921.00百萬",3,
凱基醫院及長照產業基金-新臺幣A,ACKG37-TFNO,台幣,跨國投資股票型全球市場,2017/05/02,RR3,無,2026/07/30,17.7,16.37,7.21,24.21,14.71,77,17.23,0.37,0.19,2026/06/30,2.3837億,2.5,
凱基醫院及長照產業基金-美元A,ACKG38-TFNP,美元,跨國投資股票型全球市場,2017/05/02,RR3,無,2026/07/30,16.396,13.49,3.94,13.75,10.96,63.97,15.96,0.23,0.38,2026/06/30,0.6046億,2,
貝萊德美國增長基金A2 美元,SHZ67-TFNW,美元,股票型,1999/04/30,RR4,無,2026/07/30,58.5,5.5,7.85,11.24,71.2,485,26.87,0.14,1.44,2026/05/31,490.00百萬,2.5,
野村環球基金-累積類型新臺幣計價,ACKH04-TFNY,台幣,跨國投資股票型全球市場,1988/11/28,RR3,,2026/07/29,41.06,3.35,3.98,18.81,61.34,540.07,15.59,0.32,0.92,2026/06/30,52.1958億,3,
野村環球基金-美元計價,ACKH78-TFNZ,美元,跨國投資股票型全球市場,2017/05/09,RR3,無,2026/07/29,28.01,0.83,0.76,9.33,56.57,180.1,17.9,0.15,1.11,2026/06/30,4.1147億,2.5,
聯博-全球多元收益基金AD月配級別美元(基金之配息來源可能為本金)_(月配/現金),ALBG6-TFO1,美元,平衡型,2014/12/11,RR3,月配,2026/07/30,9.18,1.59,2.83,10.27,36.81,58.39,8.76,0.29,0.52,2026/06/30,"3,800.00百萬",2.5,
瀚亞多重收益優化組合基金B類型-新台幣(本基金得投資於非投資等級之高風險債券基金且配息來源可能為本金)_(月配/現金),ACCP135-TFO2,台幣,全球組合型平衡型,2018/09/26,RR3,月配,2026/07/29,9.65,3.07,5.37,17.41,33.07,57.25,9.17,0.48,0.56,2026/06/30,30.6393億,3.5,
瀚亞多重收益優化組合基金B類型-美元(本基金得投資於非投資等級之高風險債券基金且配息來源可能為本金)_(月配/現金),ACCP138-TFO3,美元,全球組合型平衡型,2018/09/26,RR3,月配,2026/07/29,8.18,1.03,2.8,10.3,32.08,50.51,11.44,0.23,0.71,2026/06/30,250.9484億,2.5,
貝萊德全球智慧數據股票入息基金A6 美元(基金之配息來源可能為本金且並無保證收益及配息)_(月配/單位數_僅供一生傳富、招財進保、世紀贏家商品連結),SHZT9-TFO4,美元,股票型,2014/10/08,RR3,月配,2026/07/30,9.85,4.19,7.67,14.39,50.89,137.02,10.78,0.34,0.57,2026/05/31,"13,646.00百萬",3,僅供一生傳富/招財進保/世紀贏家商品連結
凱基收益成長多重資產基金-新臺幣B(月配)(本基金有相當比重投資於非投資等級之高風險債券且配息來源可能為本金)_(月配/單位數_僅供一生傳富、招財進保、世紀贏家商品連結),ACKG61-TFO5,台幣,多重資產型,2019/09/25,RR3,月配,2026/07/30,9.4048,2.47,3.47,14.07,41.52,55.74,10.5,0.34,0.6,2026/06/30,16.4239億,3,僅供一生傳富/招財進保/世紀贏家商品連結
凱基收益成長多重資產基金-美元B(月配)(本基金有相當比重投資於非投資等級之高風險債券且配息來源可能為本金)_(月配/單位數_僅供一生傳富、招財進保、世紀贏家商品連結),ACKG65-TFO6,美元,多重資產型,2019/09/25,RR3,月配,2026/07/30,9.8007,1.23,2.26,9.92,47.12,71.24,11.92,0.22,0.7,2026/06/30,8.5666億,3,僅供一生傳富/招財進保/世紀贏家商品連結
摩根投資基金－多重收益基金 - JPM多重收益(美元對沖) - A股(每月派息)(本基金有相當比重投資於非投資等級之高風險債券且配息來源可能為本金)_(月配/單位數_僅供一生傳富、招財進保、世紀贏家商品連結),JFZA5-TFO7,美元,平衡型,2012/08/31,RR3,月配,2026/07/30,129.32,1.81,4.12,11.1,31.9,107.38,7.3,0.38,0.42,2026/05/31,"21,467.00百萬",3,僅供一生傳富/招財進保/世紀贏家商品連結
摩根投資基金 - 多重收益基金 - JPM多重收益(澳幣對沖) - A股(利率入息)(本基金有相當比重投資於非投資等級之高風險債券且配息來源可能為本金)_(月配/單位數_僅供一生傳富、招財進保、世紀贏家商品連結),JFZB0-TFO8,澳幣,平衡型,2013/03/28,RR3,月配,2026/07/30,9.21,1.92,4.05,10.68,27.96,87.55,7.21,0.37,0.42,2026/05/31,"21,467.00百萬",3,僅供一生傳富/招財進保/世紀贏家商品連結
摩根基金－環球債券收益基金 - JPM環球債券收益(美元) - A股(每月派息)(本基金有相當比重投資於非投資等級之高風險債券且配息來源可能為本金)_(月配/單位數_僅供一生傳富、招財進保、世紀贏家商品連結),JFZL4-TFO9,美元,債券型,2014/12/19,RR3,月配,2026/07/30,7.6,0.58,0.97,3.73,18.44,46.8,2.1,0.34,0.45,2026/05/31,"14,243.00百萬",4,僅供一生傳富/招財進保/世紀贏家商品連結
貝萊德亞洲老虎債券基金 A6 美元 (穩定配息)(基金有相當比重投資於非投資等級之高風險債券且配息來源可能為本金),SHZN1-TFOB,美元,債券型,2012/04/02,RR3,月配,2026/07/30,8.27,0.18,-0.33,4.58,21.59,45.22,3.9,0.25,0.99,2026/05/31,"2,123.00百萬",4.5,
富蘭克林華美全球債券組合基金-分配型(本基金之配息來源可能為本金),ACFT0301-TFOG,台幣,全球組合型債券型,2007/05/15,RR3,月配,2026/07/29,6.3831,1.36,0.9,9.13,17.6,22.08,4.3,0.51,0.86,2026/06/30,2.8881億,3,
摩根基金－美國複合收益債券基金 - JPM 美國複合收益債券(美元)－ A股(每月派息)(本基金之配息來源可能為本金),JFZ93-TFOH,美元,債券型,2010/04/06,RR2,月配,2026/07/30,8.16,-0.8,-1.11,2.14,10.44,40.9,3.63,0.08,1.05,2026/05/31,"4,610.00百萬",2.5,
摩根基金－環球企業債券基金 - JPM環球企業債券(美元)- A股(每月派息)(本基金之配息來源可能為本金),JFZ97-TFOJ,美元,債券型,2010/09/03,RR2,月配,2026/07/30,88.9,-0.16,-1.03,2.24,15.71,62.64,3.83,0.08,1.02,2026/05/31,"6,178.00百萬",3,
瀚亞投資─亞洲債券基金Aadm(澳幣避險月配)(本基金有相當比重投資於非投資等級之高風險債券且配息來源可能為本金)(2026/07/26暫停申購),IOF33-TFOM,澳幣,債券型,2012/06/18,RR3,月配,2026/07/30,5.793,0.16,-0.22,3.41,15.55,32.28,3.68,0.17,0.99,2026/05/31,"2,383.00百萬",3.5,
瀚亞投資-亞洲債券基金Adm(美元月配)(本基金有相當比重投資於非投資等級之高風險債券且配息來源可能為本金),IOF17-TFON,美元,債券型,2009/06/01,RR3,月配,2026/07/30,7.312,0.05,-0.3,3.73,18.24,67.87,3.72,0.19,1,2026/05/31,"2,383.00百萬",4,
瀚亞投資-優質公司債基金 Adm(美元月配)(本基金配息來源可能為本金),IOF32-TFOQ,美元,公司債券,2007/11/30,RR2,月配,2026/07/30,9.124,-0.73,-1.05,2,11.73,N/A,4.09,0.04,1.16,2026/05/31,"2,844.00百萬",2.5,
新台幣貨幣帳戶(停泊標的),TFOR-TFOR,台幣,貨幣帳戶,-,RR1,-,-,-,-,-,-,-,-,-,-,-,-,-,-,-
美元貨幣帳戶(停泊標的),TFOS-TFOS,美元,貨幣帳戶,-,RR1,-,-,-,-,-,-,-,-,-,-,-,-,-,-,-
澳幣貨幣帳戶(停泊標的),TFOT-TFOT,澳幣,貨幣帳戶,-,RR1,-,-,-,-,-,-,-,-,-,-,-,-,-,-,-
摩根基金－亞太入息基金 - JPM亞太入息(美元)－ A股(每月派息)(本基金之配息來源可能為本金且並無保證收益及配息),JFZA4-TFOV,美元,平衡型,2012/05/25,RR3,月配,2026/07/30,120.31,0.72,2.92,14.77,37.04,129.75,10.94,0.35,0.46,2026/05/31,"1,632.00百萬",3,
聯博-美國收益基金AA(穩定月配)級別美元(本基金有相當比重投資於非投資等級之高風險債券且配息來源可能為本金)_(月配/單位數_僅供一生傳富、招財進保、世紀贏家商品連結),ALB62-TFP1,美元,債券型,2014/01/09,RR3,月配,2026/07/30,8.88,-0.66,-0.97,2.28,15.48,38.98,4.06,0.08,1.03,2026/06/30,"20,055.00百萬",3,僅供一生傳富/招財進保/世紀贏家商品連結
聯博-美國收益基金AA(穩定月配)澳幣避險級別(本基金有相當比重投資於非投資等級之高風險債券且配息來源可能為本金)_(月配/單位數_僅供一生傳富、招財進保、世紀贏家商品連結),ALB63-TFP2,澳幣,債券型,2014/01/14,RR3,月配,2026/07/30,8.38,-0.39,-0.8,2.17,12.79,34.8,3.89,0.07,0.98,2026/06/30,"20,055.00百萬",3,僅供一生傳富/招財進保/世紀贏家商品連結
聯博-房貸收益基金AA(穩定月配)級別美元(本基金有相當比重投資於非投資等級之高風險債券且配息來源可能為本金)_(月配/單位數_僅供一生傳富、招財進保、世紀贏家商品連結),ALBB1-TFP3,美元,債券型,2014/02/20,RR3,月配,2026/07/30,9.3,0.8,1.41,4.73,23.08,57.45,1.26,0.78,0.3,2026/06/30,"1,786.00百萬",4.5,僅供一生傳富/招財進保/世紀贏家商品連結
安聯收益成長多重資產基金-B類型(月配息)-新臺幣(本基金有相當比重投資於非投資等級之高風險債券且配息來源可能為本金)_(月配/單位數_僅供一生傳富、招財進保、世紀贏家商品連結),ACDD75-TFP4,台幣,多重資產型,2018/04/23,RR3,月配,2026/07/29,8.29,1.99,5.02,12.99,22.36,53.47,11.35,0.3,0.82,2026/06/30,270.4982億,3,僅供一生傳富/招財進保/世紀贏家商品連結
安聯特別收益多重資產基金- B類型(月配息)-美元(本基金有相當比重投資於非投資等級之高風險債券且配息來源可能為本金)_(月配/單位數_僅供一生傳富、招財進保、世紀贏家商品連結),ACDD116-TFP5,美元,多重資產型,2020/07/21,RR3,月配,2026/07/29,7.58,-1.04,-1.78,0.07,13.75,10.12,4.68,-0.06,0.25,2026/06/30,1.354億,1.5,僅供一生傳富/招財進保/世紀贏家商品連結
安聯收益成長基金-AM穩定月收類股(美元)(本基金有相當比重投資於非投資等級之高風險債券且配息來源可能為本金)_(月配/單位數_僅供一生傳富、招財進保、世紀贏家商品連結),TLZ64-TFP6,美元,平衡型,2012/10/16,RR3,月配,2026/07/30,8.5026,0.84,3.26,9.69,32.77,174.58,10.75,0.23,0.73,2026/06/30,"58,185.00百萬",2,僅供一生傳富/招財進保/世紀贏家商品連結
安聯收益成長基金-AM穩定月收類股(歐元避險)(本基金有相當比重投資於非投資等級之高風險債券且配息來源可能為本金)_(月配/單位數_僅供一生傳富、招財進保、世紀贏家商品連結),TLZ73-TFP7,歐元,平衡型,2013/05/02,RR3,月配,2026/07/30,8.0158,0.46,2.34,7.5,25.69,104.13,10.69,0.18,0.73,2026/06/30,"58,185.00百萬",1.5,僅供一生傳富/招財進保/世紀贏家商品連結
安聯收益成長基金-AM穩定月收類股(澳幣避險)(本基金有相當比重投資於非投資等級之高風險債券且配息來源可能為本金)_(月配/單位數_僅供一生傳富、招財進保、世紀贏家商品連結),TLZ72-TFP8,澳幣,平衡型,2012/10/15,RR3,月配,2026/07/30,7.8569,0.96,3.26,9.25,29.02,172.05,10.75,0.22,0.73,2026/06/30,"58,185.00百萬",2,僅供一生傳富/招財進保/世紀贏家商品連結
安聯歐洲高息股票基金-AM穩定月收類股(美元避險)(本基金之配息來源可能為本金且無保證收益及配息)_(月配/單位數_僅供一生傳富、招財進保、世紀贏家商品連結),TLZ76-TFP9,美元,股票型,2013/10/02,RR4,月配,2026/07/30,12.3764,12.28,13,25.74,59.68,172.34,12.56,0.52,0.7,2026/06/30,"1,768.00百萬",4.5,僅供一生傳富/招財進保/世紀贏家商品連結
聯博-美國收益基金 AT股美元(本基金有相當比重投資於非投資等級之高風險債券且配息來源可能為本金),ALZ59-TFPB,美元,債券型,2002/09/16,RR3,月配,2026/07/30,6.2,-0.71,-1.03,2.25,15.48,190.62,4.1,0.08,1.04,2026/06/30,"20,055.00百萬",3,
聯博-美國收益基金AT股澳幣避險(本基金有相當比重投資於非投資等級之高風險債券且配息來源可能為本金),ALZW5-TFPC,澳幣,債券型,2010/07/30,RR3,月配,2026/07/30,10.08,-0.38,-0.82,2.17,12.76,76.89,4.03,0.07,1.02,2026/06/30,"20,055.00百萬",3,
元大全球不動產證券化基金(B)-配息型(基金之配息來源可能為本金),ACKY19-TFPQ,台幣,不動產證券化型,2005/06/02,RR4,月配,2026/07/29,11.87,5.1,16.17,34.43,45.48,104.6,15.52,0.55,0.91,2026/06/30,8.9675億,5,
貝萊德全球股票收益基金 A6 美元 (穩定配息)(基金之配息來源可能為本金),SHZN6-TFPT,美元,股票型,2012/02/01,RR3,月配,2026/07/30,19.94,4.01,4.58,16.53,38.4,179.52,15.45,0.29,0.91,2026/05/31,"1,130.00百萬",2.5,
貝萊德亞洲老虎債券基金A8多幣別穩定月配息股份-澳幣避險(基金有相當比重投資於非投資等級之高風險債券且配息來源可能為本金),SHZO1-TFPU,澳幣,債券型,2013/02/20,RR3,月配,2026/07/30,8.02,0.38,-0.1,4.51,18.96,33.04,3.66,0.26,0.94,2026/05/31,"2,123.00百萬",4,
安聯美國收益基金-AM穩定月收類股(美元)(本基金有相當比重投資於非投資等級之高風險債券且配息來源可能為本金)_(月配/單位數_僅供一生傳富、招財進保、世紀贏家商品連結),TLZG8-TFQ1,美元,債券型,2017/03/01,RR3,月配,2026/07/30,8.0199,-0.45,-0.78,2.2,14.79,23.43,3.62,0.08,0.98,2026/06/30,355.00百萬,3,僅供一生傳富/招財進保/世紀贏家商品連結
安聯全球收益成長基金-AMf2固定月配類股(美元)(本基金有相當比重投資於非投資等級之高風險債券且配息來源可能為本金)_(月配/單位數_僅供一生傳富、招財進保、世紀贏家商品連結),TLZM4-TFQ2,美元,平衡型,2022/01/03,RR3,月配,2026/07/30,82.25,0.32,1.39,9.28,32.12,20.28,9.08,0.26,0.53,2026/06/30,869.00百萬,2.5,★僅供一生傳富/招財進保/世紀贏家商品連結
聯博-全球多元收益基金AD月配級別美元(基金之配息來源可能為本金)_(月配/單位數_僅供一生傳富、招財進保、世紀贏家商品連結),ALBG6-TFQ5,美元,平衡型,2014/12/11,RR3,月配,2026/07/30,9.18,1.59,2.83,10.27,36.81,58.39,8.76,0.29,0.52,2026/06/30,"3,800.00百萬",2.5,僅供一生傳富/招財進保/世紀贏家商品連結
瀚亞多重收益優化組合基金B類型-美元(本基金得投資於非投資等級之高風險債券基金且配息來源可能為本金)_(月配/單位數_僅供一生傳富、招財進保、世紀贏家商品連結),ACCP138-TFQ6,美元,全球組合型平衡型,2018/09/26,RR3,月配,2026/07/29,8.18,1.03,2.8,10.3,32.08,50.51,11.44,0.23,0.71,2026/06/30,250.9484億,2.5,僅供一生傳富/招財進保/世紀贏家商品連結
瀚亞多重收益優化組合基金B類型-新台幣(本基金得投資於非投資等級之高風險債券基金且配息來源可能為本金)_(月配/單位數_僅供一生傳富、招財進保、世紀贏家商品連結),ACCP135-TFQ7,台幣,全球組合型平衡型,2018/09/26,RR3,月配,2026/07/29,9.65,3.07,5.37,17.41,33.07,57.25,9.17,0.48,0.56,2026/06/30,30.6393億,3.5,僅供一生傳富/招財進保/世紀贏家商品連結
凱基台灣HITO全權委託管理帳戶(台幣)(全權委託帳戶之資產撥回機制來源可能為本金)(撥回率或撥回金額非固定),TFQ8-TFQ8,新台幣,類全委帳戶,2026/01/02,RR3,月配,2026/7/29,10.92,-2.5,6.64,N/A,N/A,9.2,N/A,-,-,-,-,-,-
富蘭克林坦伯頓全球投資系列-穩定月收益基金美元A(Mdis)股(本基金有相當比重投資於非投資等級之高風險債券且基金之配息來源可能為本金)_(月配/現金),FLZ92-TFQ9,美元,平衡型,1999/07/01,RR3,月配,2026/07/30,9.91,0.82,3.08,11.44,27.05,316.92,5.59,0.51,0.32,2026/05/29,"12,745.00百萬",3,
施羅德環球基金系列 - 環球收益股票 (美元)A1-月配固定(基金之配息來源可能為本金),PYZF4-TFQA,美元,股票型,2005/07/29,RR3,月配,2026/07/30,165.4565,9.97,14.4,28.54,50.36,227.35,12.71,0.57,0.37,2026/06/30,279.00百萬,4.5,
瀚亞投資─美國優質債券基金Aadm(澳幣避險月配)(本基金配息來源可能為本金),IOF35-TFQF,澳幣,公司債券,2012/06/18,RR2,月配,2026/07/30,8.331,-0.85,-1.13,1.79,10.81,44.4,4.05,0.04,1.13,2026/05/31,432.00百萬,2.5,
瀚亞投資─優質公司債基金Aadmc1(澳幣避險穩定月配) (本基金配息來源可能為本金),IOF40-TFQG,澳幣,公司債券,2013/03/01,RR2,月配,2026/07/30,7.076,-0.58,-0.95,1.68,8.97,27.63,4.04,0.01,1.14,2026/05/31,"2,844.00百萬",2,
景順健康護理創新基金A-年配息股 美元,CTZ19-TFQJ,美元,健康護理股,1994/03/03,RR3,無,2026/07/30,218.33,12.57,5.08,17.69,23.76,N/A,16.96,0.28,1.03,2026/05/31,228.00百萬,3,
聯博-短期債券基金 AT股美元(基金之配息來源可能為本金),ALZ58-TFQK,美元,債券型,2002/09/26,RR2,月配,2026/07/30,7.21,0.69,0.68,2.76,12.25,N/A,1.27,0.34,0.31,2026/06/30,428.00百萬,3,
聯博-歐洲收益基金 AT股歐元(本基金有相當比重投資於非投資等級之高風險債券且配息來源可能為本金),ALZ87-TFQO,歐元,債券型,2003/10/09,RR3,月配,2026/07/30,5.74,0.69,-0.68,0.85,14.22,118.96,4.66,-0.02,1.07,2026/06/30,"1,138.00百萬",2.5,
貝萊德亞洲老虎債券基金 A3 美元(基金有相當比重投資於非投資等級之高風險債券),SHZG3-TFQQ,美元,債券型,2003/09/01,RR3,月配,2026/07/30,10.22,0.19,-0.35,4.55,21.65,129.4,3.87,0.25,0.99,2026/05/31,"2,123.00百萬",4.5,
貝萊德美元優質債券基金 A3 美元,SHZ97-TFQS,美元,債券型,2003/09/01,RR2,月配,2026/07/30,14.84,-0.46,-0.97,2.68,10.62,77.34,3.97,0.11,1.14,2026/05/31,533.00百萬,3,
貝萊德環球政府債券基金 A3 美元,SHZ94-TFQU,美元,市政債券,2003/09/01,RR2,月配,2026/07/30,19.34,-0.07,-1.14,1.09,8.87,76.77,4.07,-0.005,1.39,2026/05/31,818.00百萬,3.5,
野村全球高股息基金季配型新臺幣計價(本基金之配息來源可能為本金且並無保證收益及配息),ACIC1001-TFQV,台幣,跨國投資股票型全球市場,2007/10/01,RR3,季配,2026/07/29,23.76,6.12,16.31,38.95,81.01,139.44,16.77,0.58,0.86,2026/06/30,1.5605億,4,
野村亞太高股息基金季配型新臺幣計價(本基金之配息來源可能為本金且並無保證收益及配息),ACIC1801-TFQW,台幣,跨國投資股票型區域型,2007/10/01,RR5,季配,2026/07/29,14.97,-6.05,8.02,59.1,55.62,65.88,31.43,0.46,1.39,2026/06/30,0.2702億,3.5,
安聯收益成長基金-AMg7月收總收益類股(美元)(本基金有相當比重投資於非投資等級之高風險債券且配息來源可能為本金)_(月配/現金),TLZF9-TFR1,美元,平衡型,2020/02/03,RR3,月配,2026/07/30,8.6689,0.84,3.26,9.7,32.79,61.64,10.75,0.23,0.73,2026/06/30,"58,185.00百萬",2,
景順多元收益成長基金 A-穩定月配息(美元對沖)股美元(基金之配息來源可能為本金)_(月配/現金),CTZR0-TFR2,美元,平衡型,2020/03/04,RR3,月配,2026/07/30,10.9992,3.33,3.89,9,34.17,61.39,8.29,0.27,0.46,2026/05/31,"2,310.00百萬",2.5,
景順全球科技基金M8月配息型新台幣(基金之配息來源可能為本金),ACCS132-TFR3,台幣,跨國投資股票型全球市場,2023/10/27,RR4,月配,2026/07/29,16.85,0.08,7.43,33.41,N/A,107.39,28.99,0.32,1.63,2026/06/30,5.0308億,,
安盛環球基金－最佳收益基金A DIS「fl」美元(避險)(月配息)pf(基金之配息來源可能為本金),AXA27-TFR4,美元,平衡型,2022/03/07,RR3,月配,2026/07/30,99.26,5.27,5.92,16.26,34,42.16,12.6,0.34,0.65,2026/06/30,441.00百萬,2.5,
野村基金(愛爾蘭系列)-全球多元收益債券基金(TD美元類股)(本基金之配息來源可能為本金且有相當比重投資於非投資等級之高風險債券且並無保證收益及配息),NFI27-TFR5,美元,債券型,2021/07/15,RR3,月配,2026/07/30,71.3668,1.14,-0.51,4.54,20.5,3.53,5.24,0.18,1.27,2026/05/31,"2,577.00百萬",4.5,
景順環球高評級企業債券基金E-穩定月配息股美元(基金之配息來源可能為本金)_(月配/現金),CTZP0-TFR6,美元,公司債券,2020/03/04,RR2,月配,2026/07/30,6.9386,-0.3,-1.14,1.57,16.02,1.86,4.17,0.03,1.14,2026/05/31,"1,270.00百萬",3,
M＆G收益優化基金A(美元避險月配)F(本基金配息來源可能為本金),MMG58-TFR7,美元,債券型,2020/03/02,RR3,月配,2026/07/30,82.3533,-1.14,-1.7,0.87,14.03,N/A,5.49,-0.01,1.4,2026/05/31,"7,921.00百萬",3,
安聯美國收益基金-AMg穩定月收總收益類股(美元)(本基金有相當比重投資於非投資等級之高風險債券且配息來源可能為本金)_(月配/現金),TLZG9-TFR8,美元,債券型,2020/04/15,RR3,月配,2026/07/30,7.2491,-0.45,-0.77,2.2,14.79,12.82,3.62,0.08,0.98,2026/06/30,355.00百萬,3,
施羅德環球基金系列－環球多元收益(美元)A-月配固定(本基金之配息來源可能為本金),PYZW5-TFR9,美元,平衡型,2018/02/14,RR3,月配,2026/07/30,105.5842,-0.69,-0.27,10.91,35.12,57.09,7,0.39,0.37,2026/06/30,"1,804.00百萬",3,
貝萊德世界債券基金 A3 美元(本基金非屬環境、社會及治理相關主題基金),SHZM1-TFRB,美元,債券型,2004/04/02,RR2,月配,2026/07/30,52.85,0.08,-0.82,1.99,11.74,47.91,3.99,0.06,1.09,2026/05/31,949.00百萬,3,
摩根基金－歐洲基金 - JPM 歐洲(美元)－ A股(分派),JFZ24-TFRQ,美元,股票型,2001/06/01,RR4,年配,2026/07/30,85.15,5.19,2.73,20.3,58.72,388.62,15.98,0.34,1.02,2026/05/31,"2,595.00百萬",3.5,
摩根總收益組合基金-月配息型(本基金之配息來源可能為本金),ACJF115-TFRT,台幣,全球組合型債券型,2012/11/01,RR2,月配,2026/07/29,7.9315,0.3,-0.1,2.96,7.24,11.26,2.89,0.17,0.63,2026/06/30,0.5317億,1.5,
摩根台灣增長基金,ACJF51-TFRW,台幣,國內股票開放型一般股票型,1994/04/07,RR4,,2026/07/30,178.07,7.19,37.23,75.08,128.44,1845.07,37.27,0.48,1.1,2026/06/30,31.9857億,2.5,
摩根新興科技基金-一般型(原名稱：摩根新興科技基金),ACJF76-TFRX,台幣,國內股票開放型科技類,1995/03/23,RR5,無,2026/07/30,336.53,-21.12,37.02,112.55,190.64,3265.3,52.77,0.49,1.02,2026/06/30,246.5235億,3.5,
宏利環球基金－美元收益基金AA股(本基金有相當比重投資於非投資等級之高風險債券且配息來源可能為本金),MAM18-TFRY,美元,固定收益,2007/01/29,RR3,年配,2026/07/30,1.0335,-0.6,-0.7,2.81,13.85,90.46,3.66,0.13,0.96,2026/05/31,123.00百萬,2.5,
施羅德環球基金系列－環球收息債券(美元)A-月配固定(本基金有相當比重投資於非投資等級之高風險債券且基金之配息來源可能為本金),PYZR2-TFS1,美元,債券型,2016/11/30,RR2,月配,2026/07/30,84.4739,-0.21,-0.63,2.71,21.13,40.81,3.85,0.11,0.97,2026/06/30,"8,269.00百萬",4,
富蘭克林坦伯頓全球投資系列-美元短期票券基金美元A (Mdis)股,FLZ38-TFS2,美元,貨幣型,1994/06/01,RR1,月配,2026/07/30,9.82,0.89,1.68,3.76,14.12,N/A,0.15,7.27,N/A,2026/05/29,"2,413.00百萬",3,
安聯收益成長基金-AMg7月收總收益類股(美元)(本基金有相當比重投資於非投資等級之高風險債券且配息來源可能為本金)_(月配/單位數_僅供一生傳富、招財進保、世紀贏家商品連結),TLZF9-TFS3,美元,平衡型,2020/02/03,RR3,月配,2026/07/30,8.6689,0.84,3.26,9.7,32.79,61.64,10.75,0.23,0.73,2026/06/30,"58,185.00百萬",2,僅供一生傳富/招財進保/世紀贏家商品連結
紐約梅隆美國市政基礎建設債券投資基金-美元A配息(基金之配息來源可能為本金),MLZ25-TFS4,美元,市政債券,2021/10/29,RR2,半年配,2026/07/29,0.7936,-0.25,-0.47,3.47,11.05,N/A,5.39,0.12,1.62,2026/06/30,544.00百萬,4,
景順全球科技基金M8月配息型美元(基金之配息來源可能為本金),ACCS134-TFS5,美元,跨國投資股票型全球市場,2023/10/27,RR4,月配,2026/07/29,16.85,-2.46,3.9,22.4,N/A,107.49,31.94,0.21,1.82,2026/06/30,1.717億,,
聯博多元資產收益組合基金-AI類型(美元)(本基金得投資於非投資等級之高風險債券基金且配息來源可能為本金)_(月配/現金),ACTI71-TFS6,美元,全球組合型平衡型,2018/01/16,RR3,月配,2026/07/30,9.37,2.62,4.14,11.7,34.8,48.81,11.46,0.26,0.68,2026/06/30,286.0522億,2.5,
聯博多元資產收益組合基金-AI類型(新台幣)(本基金得投資於非投資等級之高風險債券基金且配息來源可能為本金)_(月配/現金),ACTI70-TFS7,台幣,全球組合型平衡型,2018/01/16,RR3,月配,2026/07/30,6.48,3.63,4.95,14.46,30.34,44.8,10.14,0.37,0.59,2026/06/30,144.8372億,2.5,
聯博美國多重資產收益基金-AI類型(美元)(本基金得投資於非投資等級之高風險債券且配息來源可能為本金),ACTI94-TFS8,美元,多重資產型,2021/01/26,RR3,月配,2026/07/30,11.86,0.71,2,5.47,33.02,31.54,11.67,0.12,0.84,2026/06/30,36.0642億,2,
聯博美國多重資產收益基金-AI類型(新台幣)(本基金得投資於非投資等級之高風險債券且配息來源可能為本金),ACTI90-TFS9,台幣,多重資產型,2021/01/26,RR3,月配,2026/07/30,8.1,1.57,2.7,8.03,27.46,28.58,10.54,0.19,0.75,2026/06/30,19.2329億,2,
摩根基金 - 美國複合收益債券基金  -  JPM 美國複合收益債券（美元） -  A股（分派）(本基金之配息來源可能為本金),JFZ75-TFSA,美元,債券型,2000/09/15,RR2,年配,2026/07/30,11.34,-0.79,-1.13,2.07,10.47,132.9,3.73,0.07,1.08,2026/05/31,"4,610.00百萬",3,
摩根基金－中國基金 - JPM 中國(美元)－ A股(分派)(本基金之配息來源可能為本金),JFH02-TFSC,美元,股票型,1994/07/04,RR5,年配,2026/07/30,74.96,-1.82,-6.48,4.78,9.04,767.91,17.23,0.08,0.59,2026/05/31,"3,178.00百萬",3.5,
景順全球科技基金,ACCS04-TFSD,台幣,跨國投資股票型全球市場,1996/11/18,RR4,年配,2026/07/29,82.36,0.06,7.35,33.4,89.51,1153.81,28.93,0.32,1.63,2026/06/30,38.5774億,4,
摩根投資基金－多重收益基金 - JPM多重收益(美元對沖) - A股(每月派息)(本基金有相當比重投資於非投資等級之高風險債券且配息來源可能為本金)_(月配/現金),JFZA5-TFSH,美元,平衡型,2012/08/31,RR3,月配,2026/07/30,129.32,1.81,4.12,11.1,31.9,107.38,7.3,0.38,0.42,2026/05/31,"21,467.00百萬",3,
歐元貨幣帳戶(停泊標的),TFSI-TFSI,歐元,貨幣帳戶,-,RR1,-,-,-,-,-,-,-,-,-,-,-,-,-,-,-
瀚亞投資-美國特優級債券基金Adm(美元月配)(本基金配息來源可能為本金),IOF13-TFSL,美元,公司債券,2009/06/01,RR2,月配,2026/07/30,9.485,-1.29,-1.51,1.53,10.11,51.01,4.42,0.03,1.22,2026/05/31,234.00百萬,2.5,
霸菱大東協基金-A類美元配息型,PLZ11-TFSM,美元,股票型,2008/08/01,RR5,年配,2026/07/30,301.15,6.29,5.42,17.49,32.39,195.28,15.57,0.3,0.54,2026/06/30,320.00百萬,4,
霸菱歐洲精選信託基金-A類歐元配息型,PLZ49-TFSN,歐元,中小型股,2001/08/15,RR4,半年配,2026/07/30,62.77,2.72,2.41,7.85,22.54,N/A,15.15,0.14,0.86,2026/06/30,468.00百萬,1.5,
霸菱亞洲增長基金-A類 美元配息型,PLZ01-TFSR,美元,股票型,1987/02/03,RR5,年配,2026/07/30,174.73,-2.86,5.92,34.25,62.08,N/A,32.78,0.3,1.36,2026/06/30,135.00百萬,4,
霸菱全球新興市場基金-A類美元配息型,PLZ07-TFSS,美元,股票型,1992/02/24,RR5,年配,2026/07/30,63.5,-2.3,1.8,31.56,57.59,N/A,31.44,0.29,1.52,2026/06/30,858.00百萬,3,
日圓貨幣帳戶(停泊標的),TFSU-TFSU,日圓,貨幣帳戶,-,RR1,-,-,-,-,-,-,-,-,-,-,-,-,-,-,-
宏利環球基金-印度股票基金AA股,MAM14-TFSV,美元,股票型,2006/11/30,RR5,年配,2026/07/30,3.301,3.35,-1.03,-6.66,20.57,231.2,16.34,-0.12,0.89,2026/05/31,351.00百萬,3.5,
宏利環球基金-美國股票基金AA股,MAM08-TFSW,美元,股票型,2007/11/19,RR4,年配,2026/07/30,4.8727,0.98,0.88,6.25,39.86,387.27,16.51,0.11,0.92,2026/05/31,432.00百萬,1,
聯博美國成長入息基金-AI類型(新台幣)(本基金配息來源可能為本金且並無保證收益及配息)_(月配/現金),ACTI98-TFT1,台幣,跨國投資股票型單一國家,2021/01/26,RR4,月配,2026/07/30,11.55,3.25,5.45,13.86,52.45,85.09,17.22,0.22,1.19,2026/06/30,79.5569億,3,
聯博美國成長入息基金-AI類型(美元)(本基金配息來源可能為本金且並無保證收益及配息)_(月配/現金),ACTI100-TFT2,美元,跨國投資股票型單一國家,2021/01/26,RR4,月配,2026/07/30,15.09,0.69,2.32,4.27,47.5,62.13,19.62,0.07,1.38,2026/06/30,40.4186億,2.5,
M＆G入息基金A(美元避險月配)F(本基金配息來源可能為本金且並無保證收益及配息)_(月配/現金),MMG55-TFT3,美元,平衡型,2020/11/19,RR3,月配,2026/07/30,77.1342,1.3,1.13,9.97,19.83,29.96,8.62,0.29,0.45,2026/05/31,634.00百萬,2,
安聯AI收益成長多重資產基金-B類型(月配息)-美元(本基金有相當比重投資於非投資等級之高風險債券且配息來源可能為本金)_(月配/現金),ACDD154-TFT4,美元,多重資產型,2024/08/28,RR3,月配,2026/07/29,12.35,1.46,9.41,21.82,N/A,40.9,21.4,0.28,1.39,2026/06/30,30.5749億,,
安聯AI收益成長多重資產基金-B類型(月配息)-新臺幣(本基金有相當比重投資於非投資等級之高風險債券且配息來源可能為本金),ACDD145-TFT5,台幣,多重資產型,2024/08/28,RR3,月配,2026/07/29,12.47,4.04,13.04,32.67,N/A,42.76,18.44,0.45,1.2,2026/06/30,74.3794億,,
貝萊德世界金融基金 A10美元(總報酬穩定配息)(基金之配息來源可能為本金)_(月配/現金),SHZV5-TFT6,美元,金融股,2022/10/19,RR4,月配,2026/07/30,19.92,11.25,4.88,19.03,113.93,174.61,20.77,0.25,1.27,2026/05/31,"2,608.00百萬",4,
貝萊德美國價值型基金A10美元(總報酬穩定配息)(基金之配息來源可能為本金),SHZW2-TFT7,美元,股票型,2022/10/26,RR4,月配,2026/07/30,12.7,8.61,10.65,22.99,50.79,69.05,12.74,0.46,0.64,2026/05/31,940.00百萬,4,
貝萊德環球資產配置基金A10美元(總報酬穩定配息)(基金之配息來源可能為本金),SHZW8-TFT8,美元,平衡型,2023/07/19,RR3,月配,2026/07/30,11.33,2.09,1.84,11.94,36.88,36.19,12.56,0.25,0.74,2026/05/31,"18,899.00百萬",2.5,
施羅德全週期成長多重資產基金(新台幣)-配息型(本基金有相當比重投資於非投資等級之高風險債券且基金之配息來源可能為本金)_(月配/現金),ACES95-TFT9,台幣,多重資產型,2021/01/11,RR3,月配,2026/07/29,10.93,3.14,4.03,21.26,41.83,48.48,10.01,0.54,0.59,2026/06/30,23.9235億,4,
貝萊德全球智慧數據股票入息基金A6 美元(基金之配息來源可能為本金且並無保證收益及配息)_(月配/現金),SHZT9-TFTA,美元,股票型,2014/10/08,RR3,月配,2026/07/30,9.85,4.19,7.67,14.39,50.89,137.02,10.78,0.34,0.57,2026/05/31,"13,646.00百萬",3,
景順印度股票基金A-年配息股美元,CTZ62-TFTB,美元,股票型,2006/12/11,RR5,無,2026/07/30,111.82,7,0.49,-8.9,17.98,252.3,21.35,-0.11,1.13,2026/05/31,552.00百萬,3,
摩根投資基金 - 多重收益基金 - JPM多重收益(美元對沖) - A股(每季派息)(本基金有相當比重投資於非投資等級之高風險債券且配息來源可能為本金),JFZA3-TFTC,美元,平衡型,2012/01/13,RR3,季配,2026/07/30,139.44,1.82,4.12,11.1,31.95,126.78,7.31,0.38,0.42,2026/05/31,"21,467.00百萬",3,
摩根投資基金 - 多重收益基金 - JPM多重收益(澳幣對沖) - A股(利率入息)(本基金有相當比重投資於非投資等級之高風險債券且配息來源可能為本金)_(月配/現金),JFZB0-TFTD,澳幣,平衡型,2013/03/28,RR3,月配,2026/07/30,9.21,1.92,4.05,10.68,27.96,87.55,7.21,0.37,0.42,2026/05/31,"21,467.00百萬",3,
聯博-美國收益基金AA(穩定月配)級別美元(本基金有相當比重投資於非投資等級之高風險債券且配息來源可能為本金)_(月配/現金),ALB62-TFTI,美元,債券型,2014/01/09,RR3,月配,2026/07/30,8.88,-0.66,-0.97,2.28,15.48,38.98,4.06,0.08,1.03,2026/06/30,"20,055.00百萬",3,
聯博-美國收益基金AA(穩定月配)澳幣避險級別(本基金有相當比重投資於非投資等級之高風險債券且配息來源可能為本金)_(月配/現金),ALB63-TFTJ,澳幣,債券型,2014/01/14,RR3,月配,2026/07/30,8.38,-0.39,-0.8,2.17,12.79,34.8,3.89,0.07,0.98,2026/06/30,"20,055.00百萬",3,
聯博-全球靈活收益基金AT級別美元(基金之配息來源可能為本金),ALBJ2-TFTK,美元,債券型,2012/02/03,RR2,月配,2026/07/30,15.31,0.18,-0.2,1.58,10.07,26.31,3.68,0.03,0.98,2026/06/30,"1,137.00百萬",3,
聯博-房貸收益基金AA(穩定月配)級別美元(本基金有相當比重投資於非投資等級之高風險債券且配息來源可能為本金)_(月配/現金),ALBB1-TFTM,美元,債券型,2014/02/20,RR3,月配,2026/07/30,9.3,0.8,1.41,4.73,23.08,57.45,1.26,0.78,0.3,2026/06/30,"1,786.00百萬",4.5,
安聯收益成長基金-AM穩定月收類股(美元)(本基金有相當比重投資於非投資等級之高風險債券且配息來源可能為本金)_(月配/現金),TLZ64-TFTO,美元,平衡型,2012/10/16,RR3,月配,2026/07/30,8.5026,0.84,3.26,9.69,32.77,174.58,10.75,0.23,0.73,2026/06/30,"58,185.00百萬",2,
安聯收益成長基金-AM穩定月收類股(歐元避險)(本基金有相當比重投資於非投資等級之高風險債券且配息來源可能為本金)_(月配/現金),TLZ73-TFTP,歐元,平衡型,2013/05/02,RR3,月配,2026/07/30,8.0158,0.46,2.34,7.5,25.69,104.13,10.69,0.18,0.73,2026/06/30,"58,185.00百萬",1.5,
安聯收益成長基金-AM穩定月收類股(澳幣避險)(本基金有相當比重投資於非投資等級之高風險債券且配息來源可能為本金)_(月配/現金),TLZ72-TFTQ,澳幣,平衡型,2012/10/15,RR3,月配,2026/07/30,7.8569,0.96,3.26,9.25,29.02,172.05,10.75,0.22,0.73,2026/06/30,"58,185.00百萬",2,
安聯歐洲高息股票基金-AM穩定月收類股(美元避險)(本基金之配息來源可能為本金且無保證收益及配息)_(月配/現金),TLZ76-TFTS,美元,股票型,2013/10/02,RR4,月配,2026/07/30,12.3764,12.28,13,25.74,59.68,172.34,12.56,0.52,0.7,2026/06/30,"1,768.00百萬",4.5,
施羅德環球基金系列-環球收息債券(美元)A-穩定月配(本基金有相當比重投資於非投資等級之高風險債券且基金之配息來源可能為本金)_(月配/單位數_僅供一生傳富、招財進保、世紀贏家商品連結),PYZA63-TFU2,美元,債券型,2024/09/18,RR2,月配,2026/07/30,90.1945,-0.5,-0.92,2.41,N/A,6.36,4,0.09,0.1,2026/06/30,"8,269.00百萬",,
摩根投資基金-多重收益基金-JPM多重收益(美元對沖)-A股(利率入息)(本基金有相當比重投資於非投資等級之高風險債券且配息來源可能為本金),JFZK2-TFU4,美元,平衡型,2018/03/26,RR3,月配,2026/07/30,8.49,1.82,4.15,11.12,31.93,52.35,7.32,0.38,0.43,2026/05/31,"21,467.00百萬",3,
摩根投資基金-多重收益基金-JPM多重收益(美元對沖)-A股(穩定月配)(本基金有相當比重投資於非投資等級之高風險債券且配息來源可能為本金)_(月配/現金),JFZN3-TFU5,美元,平衡型,2021/07/02,RR3,月配,2026/07/30,74.08,1.8,4.11,11.08,31.82,N/A,7.32,0.38,0.43,2026/05/31,"21,467.00百萬",3,
聯博-美國成長基金AP(總報酬月配)級別美元(基金之配息來源可能為本金)_(月配/現金),ALBT8-TFU6,美元,股票型,2024/07/24,RR4,月配,2026/07/30,72.11,-0.41,1.6,3.97,N/A,23.22,20.8,0.06,1.19,2026/06/30,"9,054.00百萬",,
瀚亞投資-全球價值股票基金Admc1(美元穩定月配)(本基金配息來源可能為本金),IOF70-TFU7,美元,股票型,2014/02/14,RR3,月配,2026/07/30,17.244,5.73,6.62,21.93,65.18,153.96,13.37,0.42,0.73,2026/05/31,687.00百萬,4.5,
瀚亞策略印度傘型基金之印度策略收益平衡基金B類型新台幣(本子基金有相當比重投資於非投資等級之高風險債券且配息來源可能為本金),ACCP102-TFU8,台幣,股票債券平衡型跨國投資型,2017/09/12,RR3,月配,2026/07/29,5.77,1.88,-2.69,-4.54,-1.59,7.87,10.83,-0.14,1.95,2026/06/30,2.1441億,1,
景順環球高評級企業債券基金 E-穩定月配息股 美元(基金之配息來源可能為本金)_(月配/單位數_僅供一生傳富、招財進保、世紀贏家商品連結),CTZP0-TFU9,美元,公司債券,2020/03/04,RR2,月配,2026/07/30,6.9386,-0.3,-1.14,1.57,16.02,1.86,4.17,0.03,1.14,2026/05/31,"1,270.00百萬",3,僅供一生傳富/招財進保/世紀贏家商品連結
景順多元收益成長基金 A-穩定月配息(美元對沖)股 美元(基金之配息來源可能為本金)_(月配/單位數_僅供一生傳富、招財進保、世紀贏家商品連結),CTZR0-TFV2,美元,平衡型,2020/03/04,RR3,月配,2026/07/30,10.9992,3.33,3.89,9,34.17,61.39,8.29,0.27,0.46,2026/05/31,"2,310.00百萬",2.5,僅供一生傳富/招財進保/世紀贏家商品連結
安聯美國收益基金-AMg穩定月收總收益類股(美元)(本基金有相當比重投資於非投資等級之高風險債券且配息來源可能為本金)_(月配/單位數_僅供一生傳富、招財進保、世紀贏家商品連結),TLZG9-TFV3,美元,債券型,2020/04/15,RR3,月配,2026/07/30,7.2491,-0.45,-0.77,2.2,14.79,12.82,3.62,0.08,0.98,2026/06/30,355.00百萬,3,僅供一生傳富/招財進保/世紀贏家商品連結
富蘭克林坦伯頓全球投資系列-穩定月收益基金美元A (Mdis)股 (本基金有相當比重投資於非投資等級之高風險債券且基金之配息來源可能為本金)_(月配/單位數_僅供一生傳富、招財進保、世紀贏家商品連結),FLZ92-TFV4,美元,平衡型,1999/07/01,RR3,月配,2026/07/30,9.91,0.82,3.08,11.44,27.05,316.92,5.59,0.51,0.32,2026/05/29,"12,745.00百萬",3,僅供一生傳富/招財進保/世紀贏家商品連結
聯博多元資產收益組合基金-AI類型(美元)(本基金得投資於非投資等級之高風險債券基金且配息來源可能為本金)_(月配/單位數_僅供一生傳富、招財進保、世紀贏家商品連結),ACTI71-TFV5,美元,全球組合型平衡型,2018/01/16,RR3,月配,2026/07/30,9.37,2.62,4.14,11.7,34.8,48.81,11.46,0.26,0.68,2026/06/30,286.0522億,2.5,僅供一生傳富/招財進保/世紀贏家商品連結
聯博多元資產收益組合基金-AI類型(新台幣)(本基金得投資於非投資等級之高風險債券基金且配息來源可能為本金)_(月配/單位數_僅供一生傳富、招財進保、世紀贏家商品連結),ACTI70-TFV6,台幣,全球組合型平衡型,2018/01/16,RR3,月配,2026/07/30,6.48,3.63,4.95,14.46,30.34,44.8,10.14,0.37,0.59,2026/06/30,144.8372億,2.5,僅供一生傳富/招財進保/世紀贏家商品連結
聯博美國成長入息基金-AI類型(美元)(本基金配息來源可能為本金且並無保證收益及配息)_(月配/單位數_僅供一生傳富、招財進保、世紀贏家商品連結),ACTI100-TFV7,美元,跨國投資股票型單一國家,2021/01/26,RR4,月配,2026/07/30,15.09,0.69,2.32,4.27,47.5,62.13,19.62,0.07,1.38,2026/06/30,40.4186億,2.5,僅供一生傳富/招財進保/世紀贏家商品連結
聯博美國成長入息基金-AI類型(新台幣)(本基金配息來源可能為本金且並無保證收益及配息)_(月配/單位數_僅供一生傳富、招財進保、世紀贏家商品連結),ACTI98-TFV8,台幣,跨國投資股票型單一國家,2021/01/26,RR4,月配,2026/07/30,11.55,3.25,5.45,13.86,52.45,85.09,17.22,0.22,1.19,2026/06/30,79.5569億,3,僅供一生傳富/招財進保/世紀贏家商品連結
M＆G入息基金A(美元避險月配)F(本基金配息來源可能為本金且並無保證收益及配息)_(月配/單位數_僅供一生傳富、招財進保、世紀贏家商品連結),MMG55-TFV9,美元,平衡型,2020/11/19,RR3,月配,2026/07/30,77.1342,1.3,1.13,9.97,19.83,29.96,8.62,0.29,0.45,2026/05/31,634.00百萬,2,僅供一生傳富/招財進保/世紀贏家商品連結
貝萊德ESG社會責任多元資產基金A8多幣別穩定月配息股份-美元幣避險(基金之配息來源可能為本金),SHZU7-TFVU,美元,平衡型,2019/12/18,RR3,月配,2026/07/30,12.77,3.12,4.82,15.54,32.82,57.26,10.54,0.38,0.6,2026/05/31,"2,980.00百萬",3,ESG基金
凱基收益成長多重資產基金-新臺幣B(月配)(本基金有相當比重投資於非投資等級之高風險債券且配息來源可能為本金)_(月配/現金),ACKG61-TFVX,台幣,多重資產型,2019/09/25,RR3,月配,2026/07/30,9.4048,2.47,3.47,14.07,41.52,55.74,10.5,0.34,0.6,2026/06/30,16.4239億,3,
凱基收益成長多重資產基金-美元B(月配)(本基金有相當比重投資於非投資等級之高風險債券且配息來源可能為本金)_(月配/現金),ACKG65-TFVY,美元,多重資產型,2019/09/25,RR3,月配,2026/07/30,9.8007,1.23,2.26,9.92,47.12,71.24,11.92,0.22,0.7,2026/06/30,8.5666億,3,
合庫標普利變特別股收益指數基金B類型(新台幣)(本基金之配息可能涉及本金),ACCB35-TFVZ,台幣,跨國投資指數型,2018/03/26,RR4,月配,2026/07/29,7.67,0.76,1.56,9.24,18.63,29.97,3.6,0.62,0.07,2026/06/30,1.3688億,2.5,
摩根基金－環球債券收益基金 - JPM環球債券收益(美元) - A股(每月派息)(本基金有相當比重投資於非投資等級之高風險債券且配息來源可能為本金)_(月配/現金),JFZL4-TFW1,美元,債券型,2014/12/19,RR3,月配,2026/07/30,7.6,0.58,0.97,3.73,18.44,46.8,2.1,0.34,0.45,2026/05/31,"14,243.00百萬",4,
安聯全球收益成長基金-AMf2固定月配類股(美元)(本基金有相當比重投資於非投資等級之高風險債券且配息來源可能為本金)_(月配/現金),TLZM4-TFW3,美元,平衡型,2022/01/03,RR3,月配,2026/07/30,82.25,0.32,1.39,9.28,32.12,20.28,9.08,0.26,0.53,2026/06/30,869.00百萬,2.5,
駿利亨德森資產管理基金 - 駿利亨德森平衡基金 A6 穩月配美元 (本基金某些股份類別之配息來源可能為本金),JAZC8-TFW4,美元,平衡型,2023/04/05,RR3,月配,2026/07/30,11.44,1.74,1.94,6.96,36.38,43.07,11.77,0.15,0.86,2026/05/31,"11,880.00百萬",2,
野村全球金融收益基金-月配類型美元計價(本基金之配息來源可能為本金且並無保證收益及配息),ACKH117-TFW5,美元,債券型海外債券投資等級,2018/08/21,RR2,月配,2026/07/29,7.5933,-0.47,-1.76,1.34,13.3,15.07,5.12,0.01,1.21,2026/06/30,3.351億,2.5,
野村全球金融收益基金-月配類型新臺幣計價(本基金之配息來源可能為本金且並無保證收益及配息),ACKH116-TFW6,台幣,債券型海外債券投資等級,2018/08/21,RR2,月配,2026/07/29,7.2321,0.89,-0.22,5.1,10.04,9.61,4.23,0.26,0.92,2026/06/30,18.0193億,3,
聯博-新興市場多元收益基金AD月配級別美元 (本基金有相當比重投資於非投資等級之高風險債券且配息來源可能為本金),ALBA4-TFW8,美元,平衡型,2013/03/21,RR4,月配,2026/07/30,14.25,0.01,6.88,26.62,66.22,82.99,20.95,0.34,1.05,2026/06/30,"1,134.00百萬",4.5,
聯博-新興市場優化波動股票基金AD月配級別美元(基金之配息來源可能為本金),ALBM3-TFW9,美元,股票型,2018/02/22,RR5,月配,2026/07/30,17.23,-0.91,4.02,25.78,70.39,N/A,23.55,0.3,1.17,2026/06/30,"1,148.00百萬",2.5,
合庫標普利變特別股收益指數基金B類型(美元)(本基金之配息可能涉及本金),ACCB37-TFWA,美元,跨國投資指數型,2018/03/26,RR4,月配,2026/07/29,7.33,-1.07,-0.89,1.9,16.27,23.76,3.9,0.05,0.23,2026/06/30,0.9951億,1.5,
安聯收益成長多重資產基金-B類型(月配息)-新臺幣(本基金有相當比重投資於非投資等級之高風險債券且配息來源可能為本金)_(月配/現金),ACDD75-TFWL,台幣,多重資產型,2018/04/23,RR3,月配,2026/07/29,8.29,1.99,5.02,12.99,22.36,53.47,11.35,0.3,0.82,2026/06/30,270.4982億,3,
安聯特別收益多重資產基金- B類型(月配息)-美元(本基金有相當比重投資於非投資等級之高風險債券且配息來源可能為本金)_(月配/現金),ACDD116-TFWM,美元,多重資產型,2020/07/21,RR3,月配,2026/07/29,7.58,-1.04,-1.78,0.07,13.75,10.12,4.68,-0.06,0.25,2026/06/30,1.354億,1.5,
安聯美國收益基金-AM穩定月收類股(美元)(本基金有相當比重投資於非投資等級之高風險債券且配息來源可能為本金)_(月配/現金),TLZG8-TFWN,美元,債券型,2017/03/01,RR3,月配,2026/07/30,8.0199,-0.45,-0.78,2.2,14.79,23.43,3.62,0.08,0.98,2026/06/30,355.00百萬,3,
安聯全球永續發展基金-A配息類股(美元)(基金之配息來源可能為本金),TLZ57-TFWO,美元,股票型,2003/01/02,RR3,年配,2026/07/30,52.6591,0.67,-1.38,1.58,23.86,483.84,15.26,0.03,0.88,2026/06/30,"1,318.00百萬",1.5,
凱基富利人生全權委託管理帳戶(美元)(現金撥回)(全權委託帳戶之資產撥回機制來源可能為本金)(撥回率或撥回金額非固定),TFWR-TFWR,美元,類全委帳戶,2022/09/07,RR3,月配,2026/7/29,10.66,-2.38,-2.65,1.72,5.86,6.6,15.68,-,-,-,-,-,-
瀚亞新收益全權委託管理帳戶-N1級別(美元)(全權委託帳戶之資產撥回機制來源可能為本金)(撥回率或撥回金額非固定),TFWV-TFWV,美元,類全委帳戶,2023/07/24,RR3,月配,2026/7/29,11.11,0.82,-1.51,4.32,10.55,11.1,17.93,-,-,-,-,-,-
元大台灣高股息基金(本基金之配息來源可能為收益平準金且並無保證收益及配息),0056.TW~TFX3,台幣,股票型,2007/12/13,,季配,2026/07/30,46.29,16.32,29.64,46.73,73.24,457.84,29.56,0.41,1.02,2026/07/30,"666,585.00百萬",N/A,N/A
元大美國政府1至3年期債券ETF基金(本基金之配息來源可能為收益平準金),00719B.TW~TFX4,台幣,債券型,2018/01/19,,季配,2026/07/30,31.54,2.65,3.88,12.14,16.26,30.43,4.41,0.68,0.74,2026/07/29,"17,210.00百萬",N/A,N/A
凱基台灣優選高股息30ETF基金(基金之配息來源可能為收益平準金且無保證收益及配息),00915.TW~TFX5,台幣,股票型,2022/08/01,,季配,2026/07/30,30.07,22.91,31.21,43.24,88.53,165.18,24.88,0.44,0.97,2026/07/30,"15,716.00百萬",N/A,N/A
凱基全球菁英55 ETF基金,00926.TW~TFX6,台幣,股票型,2023/05/26,,年配,2026/07/30,25.24,3.44,5.25,27.73,77.47,92.93,16.5,0.43,0.84,2026/07/29,"2,295.00百萬",N/A,N/A
凱基全球10年期以上美元A級公司債券ETF基金(基金之配息來源可能為收益平準金),00950B.TW~TFX7,台幣,公司債券,2024/07/01,,月配,2026/07/30,13.96,0.37,0.67,9.54,N/A,3.01,6.28,0.37,0.65,2026/07/29,"55,959.00百萬",N/A,N/A
凱基優選台灣AI 50 ETF基金(基金之配息來源可能為收益平準金),00952.TW~TFX8,台幣,股票型,2024/08/26,,月配,2026/07/30,15.78,0.19,28.82,68.13,N/A,70.75,37.13,0.45,0.97,2026/07/30,"3,876.00百萬",N/A,N/A
凱基台灣優選30 ETF基金(基金之配息來源可能為收益平準金),00938.TW~TFX9,台幣,股票型,2024/10/14,,季配,2026/07/30,23.7,18.23,31.51,65.83,N/A,64.83,20.42,0.74,0.67,2026/07/30,"2,322.00百萬",N/A,N/A
Invesco納斯達克100指數ETF,QQQ~TFXT,美元,股票型,1999/03/10,RR4,季配,2026/07/30,683.55,2.48,10.18,20.92,81.46,1494.64,26.1,0.2,1,2026/06/30,"490,100.00百萬",N/A,N/A
ISHARES歐洲ETF,IEV~TFXU,美元,股票型,2000/07/25,RR4,半年配,2026/07/30,74.62,5.92,5.86,22.96,56.12,289.95,15.69,0.33,1.01,2026/06/30,"1,634.00百萬",N/A,N/A
Vanguard全世界股票ETF,VT~TFXV,美元,股票型,2008/06/24,RR4,季配,2026/07/30,155.45,3.18,7.51,21.1,64.04,358.89,16.86,0.29,1.01,2026/06/30,"97,000.00百萬",N/A,N/A
VanguardS&P500 ETF,VOO~TFXW,美元,股票型,2010/09/07,RR4,季配,2026/07/30,681.79,3.51,7.81,18.28,68.89,798.38,17.17,0.24,0.99,2026/06/30,"1,700,000.00百萬",N/A,N/A
SPDR標普500指數ETF,SPY~TFXX,美元,股票型,1993/01/22,RR4,季配,2026/07/30,741.69,3.47,7.75,18.2,68.49,2970.21,17.16,0.24,0.99,2026/06/30,"781,189.00百萬",N/A,N/A
元大台灣卓越50指數基金,0050.TW~TFXY,台幣,股票型,2003/06/25,,半年配,2026/07/30,93.5,3.94,29.57,87.05,209.43,2012.33,36.07,0.55,1,2026/07/30,"2,092,394.00百萬",N/A,N/A
富邦台灣科技指數證券投資信託基金(本基金之配息來源可能為收益平準金),0052.TW~TFY3,台幣,資訊科技股,2006/08/28,,年配,2026/07/30,54.3,3.13,28.54,94.52,243.62,1982.23,38.97,0.55,0.99,2026/07/30,"143,614.00百萬",N/A,N/A
凱基台灣TOP50 ETF證券投資信託基金,009816.TW~TFY4,台幣,股票型,2026/01/22,,無,2026/07/30,13.41,2.76,N/A,N/A,N/A,30.57,N/A,N/A,N/A,2026/07/30,"159,536.00百萬",N/A,N/A